Timestamp,Temp,pH,Rainfall
6/27/2018 13:00,24.118,NA,0
6/27/2018 13:15,24.128,7.14,0
6/27/2018 13:30,24.129,6.57,0
6/27/2018 13:45,24.108,6.29,0
6/27/2018 14:00,24.08,5.9,0
6/27/2018 14:15,24.079,5.84,0
6/27/2018 14:30,24.077,5.91,0
6/27/2018 14:45,24.085,5.95,0
6/27/2018 15:00,24.089,5.93,0
6/27/2018 15:15,24.095,5.97,0
6/27/2018 15:30,24.101,5.99,0
6/27/2018 15:45,24.114,6.01,0
6/27/2018 16:00,24.13,6.01,0
6/27/2018 16:15,24.146,6.04,0
6/27/2018 16:30,24.162,6.05,0
6/27/2018 16:45,24.174,6.04,0
6/27/2018 17:00,24.181,6.05,0
6/27/2018 17:15,24.197,6.05,0
6/27/2018 17:30,24.218,6.05,0
6/27/2018 17:45,24.241,6.07,0
6/27/2018 18:00,24.262,6.03,0
6/27/2018 18:15,24.288,6.06,0
6/27/2018 18:30,24.312,6.06,0
6/27/2018 18:45,24.335,6.07,0
6/27/2018 19:00,24.353,6.08,0
6/27/2018 19:15,24.372,6.07,0
6/27/2018 19:30,24.389,6.05,0
6/27/2018 19:45,24.4,6.06,0
6/27/2018 20:00,24.405,6.07,0
6/27/2018 20:15,24.406,6.08,0
6/27/2018 20:30,24.406,6.09,0
6/27/2018 20:45,24.404,6.08,0
6/27/2018 21:00,24.398,6.08,0
6/27/2018 21:15,24.393,6.09,0
6/27/2018 21:30,24.386,6.07,0
6/27/2018 21:45,24.381,6.09,0
6/27/2018 22:00,24.378,6.08,0
6/27/2018 22:15,24.373,6.07,0
6/27/2018 22:30,24.37,6.08,0
6/27/2018 22:45,24.365,6.09,0
6/27/2018 23:00,24.358,6.09,0
6/27/2018 23:15,24.351,6.1,0
6/27/2018 23:30,24.343,6.1,0
6/27/2018 23:45,24.332,6.08,0
6/28/2018 0:00,24.317,6.09,0
6/28/2018 0:15,24.304,6.07,0
6/28/2018 0:30,24.291,6.05,0
6/28/2018 0:45,24.277,6.05,0
6/28/2018 1:00,24.262,6.03,0
6/28/2018 1:15,24.247,6.07,0
6/28/2018 1:30,24.233,6.04,0
6/28/2018 1:45,24.219,6.04,0
6/28/2018 2:00,24.204,6.04,0
6/28/2018 2:15,24.19,6.01,0
6/28/2018 2:30,24.181,6.04,0
6/28/2018 2:45,24.174,6.04,0
6/28/2018 3:00,24.168,6.05,0
6/28/2018 3:15,24.16,6.03,0
6/28/2018 3:30,24.153,6.05,0
6/28/2018 3:45,24.146,6.03,0
6/28/2018 4:00,24.138,6.04,0
6/28/2018 4:15,24.129,6.04,0
6/28/2018 4:30,24.121,6.03,0
6/28/2018 4:45,24.111,6.04,0
6/28/2018 5:00,24.103,6.05,0
6/28/2018 5:15,24.092,6.04,0
6/28/2018 5:30,24.083,6.05,0
6/28/2018 5:45,24.072,6.05,0
6/28/2018 6:00,24.06,6.06,2.286
6/28/2018 6:15,24.047,6.06,0
6/28/2018 6:30,24.038,6.04,0
6/28/2018 6:45,24.029,6.07,0
6/28/2018 7:00,24.025,6.06,0
6/28/2018 7:15,24.02,6.07,0
6/28/2018 7:30,24.017,6.08,0
6/28/2018 7:45,24.013,6.09,0
6/28/2018 8:00,24.009,6.07,0
6/28/2018 8:15,24.003,6.07,0
6/28/2018 8:30,23.997,6.09,0
6/28/2018 8:45,23.988,6.1,0
6/28/2018 9:00,23.979,6.07,0
6/28/2018 9:15,23.971,6.08,0
6/28/2018 9:30,23.966,6.06,0
6/28/2018 9:45,23.962,6.08,0
6/28/2018 10:00,23.945,6.04,0
6/28/2018 10:15,23.949,6.02,0
6/28/2018 10:30,23.956,6.01,0
6/28/2018 10:45,23.966,6.04,0
6/28/2018 11:00,23.973,6.04,0
6/28/2018 11:15,23.982,6.07,0
6/28/2018 11:30,23.994,6.08,0
6/28/2018 11:45,24.005,6.08,0
6/28/2018 12:00,24.025,6.09,0
6/28/2018 12:15,24.048,6.09,0
6/28/2018 12:30,24.064,6.08,0
6/28/2018 12:45,24.075,6.07,0
6/28/2018 13:00,24.085,6.6,0
6/28/2018 13:15,24.112,NA,0
6/28/2018 13:30,24.133,NA,0
6/28/2018 13:45,24.143,7.5,0.254
6/28/2018 14:00,24.168,6.7,0
6/28/2018 14:15,24.193,6.55,0
6/28/2018 14:30,24.204,6.48,0
6/28/2018 14:45,24.224,6.44,0
6/28/2018 15:00,24.243,6.44,0
6/28/2018 15:15,24.254,6.41,0
6/28/2018 15:30,24.269,6.38,0
6/28/2018 15:45,24.288,6.38,0
6/28/2018 16:00,24.315,6.37,0
6/28/2018 16:15,24.347,6.34,0
6/28/2018 16:30,24.365,6.33,0
6/28/2018 16:45,24.418,6.37,0
6/28/2018 17:00,24.439,6.36,0
6/28/2018 17:15,24.46,6.34,0
6/28/2018 17:30,24.5,6.32,0
6/28/2018 17:45,24.524,6.53,0
6/28/2018 18:00,24.561,6.47,0
6/28/2018 18:15,24.592,6.44,0
6/28/2018 18:30,24.618,6.42,0
6/28/2018 18:45,24.627,6.41,0
6/28/2018 19:00,24.624,6.41,0
6/28/2018 19:15,24.617,6.41,0
6/28/2018 19:30,24.615,6.37,0
6/28/2018 19:45,24.608,6.39,0
6/28/2018 20:00,24.601,6.36,0
6/28/2018 20:15,24.597,6.38,0
6/28/2018 20:30,24.594,6.37,0
6/28/2018 20:45,24.578,6.39,0
6/28/2018 21:00,24.559,6.39,0
6/28/2018 21:15,24.541,6.4,0
6/28/2018 21:30,24.517,6.4,0
6/28/2018 21:45,24.491,6.37,0
6/28/2018 22:00,24.467,6.37,0
6/28/2018 22:15,24.446,6.38,0
6/28/2018 22:30,24.425,6.37,0
6/28/2018 22:45,24.404,6.38,0
6/28/2018 23:00,24.383,6.36,0
6/28/2018 23:15,24.364,6.37,0
6/28/2018 23:30,24.344,6.38,0.508
6/28/2018 23:45,24.326,6.37,1.27
6/29/2018 0:00,24.311,6.4,0
6/29/2018 0:15,24.295,6.4,0
6/29/2018 0:30,24.28,6.4,0
6/29/2018 0:45,24.266,6.39,0.254
6/29/2018 1:00,24.252,6.44,0
6/29/2018 1:15,24.241,6.43,0
6/29/2018 1:30,24.23,6.39,0
6/29/2018 1:45,24.218,6.42,0
6/29/2018 2:00,24.207,6.4,0
6/29/2018 2:15,24.197,6.37,0
6/29/2018 2:30,24.186,6.39,0
6/29/2018 2:45,24.177,6.38,0.254
6/29/2018 3:00,24.17,6.37,0
6/29/2018 3:15,24.165,6.36,0
6/29/2018 3:30,24.155,6.38,0
6/29/2018 3:45,24.135,6.35,0
6/29/2018 4:00,24.136,6.24,0
6/29/2018 4:15,24.131,6.26,0
6/29/2018 4:30,24.13,6.23,0
6/29/2018 4:45,24.127,6.29,0
6/29/2018 5:00,24.123,6.31,0
6/29/2018 5:15,24.119,6.28,0.254
6/29/2018 5:30,24.114,6.33,0
6/29/2018 5:45,24.107,6.31,5.588
6/29/2018 6:00,24.1,6.3,2.794
6/29/2018 6:15,24.092,6.34,0
6/29/2018 6:30,24.088,6.3,1.778
6/29/2018 6:45,24.081,6.32,0.508
6/29/2018 7:00,24.075,6.29,0.254
6/29/2018 7:15,24.066,6.31,0.254
6/29/2018 7:30,24.062,6.34,0
6/29/2018 7:45,24.057,6.32,0.254
6/29/2018 8:00,24.054,6.3,0
6/29/2018 8:15,24.05,6.32,0
6/29/2018 8:30,24.047,6.32,0
6/29/2018 8:45,24.04,6.32,0
6/29/2018 9:00,24.037,6.31,0
6/29/2018 9:15,24.032,6.3,0
6/29/2018 9:30,24.027,6.3,0
6/29/2018 9:45,23.895,6.15,0
6/29/2018 10:00,23.92,5.86,0
6/29/2018 10:15,23.922,5.82,0.254
6/29/2018 10:30,23.939,5.89,0
6/29/2018 10:45,23.95,5.98,0
6/29/2018 11:00,23.967,6.06,0
6/29/2018 11:15,23.965,5.99,0
6/29/2018 11:30,23.987,5.91,0
6/29/2018 11:45,24.004,6.05,0
6/29/2018 12:00,24.026,6.11,0
6/29/2018 12:15,24.051,6.17,0
6/29/2018 12:30,24.08,6.16,0
6/29/2018 12:45,24.107,6.14,0
6/29/2018 13:00,24.138,6.18,0
6/29/2018 13:15,24.191,6.55,0
6/29/2018 13:30,24.222,5.81,0.508
6/29/2018 13:45,24.278,5.76,0.762
6/29/2018 14:00,24.338,5.73,0
6/29/2018 14:15,24.401,5.72,0.508
6/29/2018 14:30,24.451,5.72,0.508
6/29/2018 14:45,24.502,5.7,0.508
6/29/2018 15:00,24.587,5.69,0.254
6/29/2018 15:15,24.65,5.69,0
6/29/2018 15:30,24.713,5.69,0
6/29/2018 15:45,24.773,5.7,0
6/29/2018 16:00,24.812,5.68,0
6/29/2018 16:15,24.842,5.68,0
6/29/2018 16:30,24.909,5.68,0
6/29/2018 16:45,24.91,5.68,0
6/29/2018 17:00,24.905,5.68,0
6/29/2018 17:15,24.875,5.68,0
6/29/2018 17:30,24.809,5.69,0
6/29/2018 17:45,24.699,5.72,0
6/29/2018 18:00,24.629,5.7,0
6/29/2018 18:15,24.545,5.69,0
6/29/2018 18:30,24.472,5.68,0
6/29/2018 18:45,24.391,5.68,0
6/29/2018 19:00,24.329,5.68,0
6/29/2018 19:15,24.273,5.67,0
6/29/2018 19:30,24.231,5.67,0
6/29/2018 19:45,24.198,5.67,0
6/29/2018 20:00,24.166,5.67,0
6/29/2018 20:15,24.137,5.66,0
6/29/2018 20:30,24.12,5.66,0
6/29/2018 20:45,24.105,5.66,0
6/29/2018 21:00,24.093,5.66,0
6/29/2018 21:15,24.091,5.66,0
6/29/2018 21:30,24.089,5.66,0
6/29/2018 21:45,24.088,5.66,0
6/29/2018 22:00,24.086,5.66,0
6/29/2018 22:15,24.085,5.66,0
6/29/2018 22:30,24.087,5.66,0
6/29/2018 22:45,24.086,5.65,0
6/29/2018 23:00,24.076,5.65,0
6/29/2018 23:15,24.064,5.65,0
6/29/2018 23:30,24.044,5.65,0
6/29/2018 23:45,24.019,5.66,0
6/30/2018 0:00,23.995,5.65,0
6/30/2018 0:15,23.968,5.66,0
6/30/2018 0:30,23.946,5.65,0
6/30/2018 0:45,23.922,5.64,0
6/30/2018 1:00,23.901,5.64,0
6/30/2018 1:15,23.881,5.64,0
6/30/2018 1:30,23.863,5.64,0
6/30/2018 1:45,23.846,5.64,0
6/30/2018 2:00,23.83,5.64,0
6/30/2018 2:15,23.814,5.64,0
6/30/2018 2:30,23.804,5.63,0
6/30/2018 2:45,23.791,5.64,0
6/30/2018 3:00,23.78,5.64,0
6/30/2018 3:15,23.773,5.64,0.762
6/30/2018 3:30,23.766,5.63,0
6/30/2018 3:45,23.758,5.64,0
6/30/2018 4:00,23.748,5.64,0
6/30/2018 4:15,23.742,5.64,0.254
6/30/2018 4:30,23.733,5.64,0.762
6/30/2018 4:45,23.727,5.63,0
6/30/2018 5:00,23.717,5.64,0.508
6/30/2018 5:15,23.712,5.64,1.778
6/30/2018 5:30,23.702,5.64,4.318
6/30/2018 5:45,23.695,5.64,3.81
6/30/2018 6:00,23.685,5.64,0.508
6/30/2018 6:15,23.681,5.63,0
6/30/2018 6:30,23.675,5.64,0
6/30/2018 6:45,23.668,5.63,0
6/30/2018 7:00,23.663,5.63,0
6/30/2018 7:15,23.656,5.63,0
6/30/2018 7:30,23.655,5.63,0
6/30/2018 7:45,23.655,5.63,0
6/30/2018 8:00,23.656,5.63,0
6/30/2018 8:15,23.656,5.63,0
6/30/2018 8:30,23.642,5.65,0
6/30/2018 8:45,23.625,5.63,0
6/30/2018 9:00,23.636,5.65,0
6/30/2018 9:15,23.619,5.65,0
6/30/2018 9:30,23.574,5.61,0
6/30/2018 9:45,23.549,5.5,0
6/30/2018 10:00,23.552,5.53,0
6/30/2018 10:15,23.569,5.53,0
6/30/2018 10:30,23.601,5.52,0
6/30/2018 10:45,23.624,5.55,0
6/30/2018 11:00,23.646,5.52,0
6/30/2018 11:15,23.669,5.56,0
6/30/2018 11:30,23.696,5.56,0
6/30/2018 11:45,23.731,5.56,0
6/30/2018 12:00,23.758,5.56,0
6/30/2018 12:15,23.791,5.56,0
6/30/2018 12:30,23.825,5.56,0
6/30/2018 12:45,23.854,5.57,0
6/30/2018 13:00,23.898,5.57,0
6/30/2018 13:15,23.942,5.58,0
6/30/2018 13:30,23.991,5.6,0
6/30/2018 13:45,24.035,6.17,1.27
6/30/2018 14:00,24.071,6.16,0.508
6/30/2018 14:15,24.117,6.14,0
6/30/2018 14:30,24.145,6.18,0.254
6/30/2018 14:45,24.188,6.16,3.302
6/30/2018 15:00,24.295,NA,3.81
6/30/2018 15:15,24.381,NA,1.27
6/30/2018 15:30,24.424,NA,0
6/30/2018 15:45,24.449,7.9,0
6/30/2018 16:00,24.517,7.59,0
6/30/2018 16:15,24.568,7.34,0
6/30/2018 16:30,24.627,7.15,0
6/30/2018 16:45,24.736,7,0.508
6/30/2018 17:00,24.77,6.88,0
6/30/2018 17:15,24.773,6.79,0
6/30/2018 17:30,24.762,6.71,0
6/30/2018 17:45,24.743,6.64,0
6/30/2018 18:00,24.695,6.25,3.302
6/30/2018 18:15,24.532,5.77,6.604
6/30/2018 18:30,24.483,5.92,0.508
6/30/2018 18:45,24.455,5.97,0.254
6/30/2018 19:00,24.314,5.55,0
6/30/2018 19:15,24.213,5.56,0
6/30/2018 19:30,24.212,5.64,0
6/30/2018 19:45,24.203,5.84,0
6/30/2018 20:00,24.226,5.91,0
6/30/2018 20:15,24.233,5.98,0
6/30/2018 20:30,24.235,6.02,0
6/30/2018 20:45,24.231,6.04,0
6/30/2018 21:00,24.225,6.05,0
6/30/2018 21:15,24.219,6.05,0
6/30/2018 21:30,24.208,6.06,0
6/30/2018 21:45,24.181,6.07,0
6/30/2018 22:00,24.171,6.02,0
6/30/2018 22:15,24.118,5.96,0
6/30/2018 22:30,24.109,5.93,0
6/30/2018 22:45,24.102,5.98,0
6/30/2018 23:00,24.096,5.98,0
6/30/2018 23:15,24.089,6.03,0
6/30/2018 23:30,24.084,6.09,0
6/30/2018 23:45,24.077,6.07,0
7/1/2018 0:00,24.071,6.07,0
7/1/2018 0:15,24.063,6.07,0
7/1/2018 0:30,24.056,6.08,0
7/1/2018 0:45,24.049,6.08,0
7/1/2018 1:00,24.04,6.1,0
7/1/2018 1:15,24.029,6.09,0
7/1/2018 1:30,24.02,6.08,0
7/1/2018 1:45,24.007,6.1,0
7/1/2018 2:00,23.996,6.09,0
7/1/2018 2:15,23.986,6.1,0
7/1/2018 2:30,23.977,6.1,0
7/1/2018 2:45,23.967,6.1,0
7/1/2018 3:00,23.954,6.1,0
7/1/2018 3:15,23.944,6.1,0
7/1/2018 3:30,23.93,6.11,0
7/1/2018 3:45,23.916,6.11,0
7/1/2018 4:00,23.905,6.11,0
7/1/2018 4:15,23.894,6.13,0
7/1/2018 4:30,23.885,6.11,0
7/1/2018 4:45,23.876,6.12,0
7/1/2018 5:00,23.866,6.14,0
7/1/2018 5:15,23.856,6.13,0
7/1/2018 5:30,23.846,6.14,0
7/1/2018 5:45,23.84,6.13,0
7/1/2018 6:00,23.833,6.15,0
7/1/2018 6:15,23.829,6.13,0
7/1/2018 6:30,23.823,6.14,0
7/1/2018 6:45,23.815,6.14,0
7/1/2018 7:00,23.806,6.16,0
7/1/2018 7:15,23.796,6.16,0
7/1/2018 7:30,23.789,6.15,0
7/1/2018 7:45,23.783,6.15,0
7/1/2018 8:00,23.779,6.16,0
7/1/2018 8:15,23.777,6.17,0
7/1/2018 8:30,23.771,6.16,0
7/1/2018 8:45,23.767,6.16,0
7/1/2018 9:00,23.757,6.17,0
7/1/2018 9:15,23.746,6.16,0
7/1/2018 9:30,23.735,6.16,0
7/1/2018 9:45,23.725,6.16,0
7/1/2018 10:00,23.722,6.17,0
7/1/2018 10:15,23.727,6.17,0
7/1/2018 10:30,23.741,6.16,0
7/1/2018 10:45,23.752,6.16,0
7/1/2018 11:00,23.773,6.17,0
7/1/2018 11:15,23.793,6.16,0
7/1/2018 11:30,23.819,6.16,0
7/1/2018 11:45,23.842,6.17,0
7/1/2018 12:00,23.876,6.16,0.762
7/1/2018 12:15,23.917,6.16,5.588
7/1/2018 12:30,23.954,6.18,5.842
7/1/2018 12:45,24.003,6.16,9.91
7/1/2018 13:00,24.073,6.16,6.604
7/1/2018 13:15,24.114,6.15,2.54
7/1/2018 13:30,24.145,6.17,7.366
7/1/2018 13:45,24.192,6.16,5.842
7/1/2018 14:00,24.245,6.17,1.524
7/1/2018 14:15,24.304,6.17,0.508
7/1/2018 14:30,24.373,6.17,0.508
7/1/2018 14:45,24.423,6.18,0.762
7/1/2018 15:00,24.493,6.18,0.254
7/1/2018 15:15,24.595,6.18,0
7/1/2018 15:30,24.678,6.19,0.254
7/1/2018 15:45,24.688,6.19,0.508
7/1/2018 16:00,24.658,6.2,0
7/1/2018 16:15,24.606,6.12,0
7/1/2018 16:30,24.479,5.82,4.318
7/1/2018 16:45,24.284,5.71,0
7/1/2018 17:00,24.065,5.35,0.254
7/1/2018 17:15,23.971,5.41,0
7/1/2018 17:30,23.891,5.48,0
7/1/2018 17:45,23.82,5.41,0
7/1/2018 18:00,23.789,5.38,0
7/1/2018 18:15,23.806,5.35,0
7/1/2018 18:30,23.815,5.39,0
7/1/2018 18:45,23.831,5.34,0
7/1/2018 19:00,23.815,5.35,0
7/1/2018 19:15,23.827,5.46,0
7/1/2018 19:30,23.843,5.57,0
7/1/2018 19:45,23.856,5.62,0
7/1/2018 20:00,23.874,5.67,0
7/1/2018 20:15,23.894,5.63,0
7/1/2018 20:30,23.893,5.62,0
7/1/2018 20:45,23.899,5.54,0
7/1/2018 21:00,23.904,5.55,0
7/1/2018 21:15,23.912,5.63,0
7/1/2018 21:30,23.919,5.64,0
7/1/2018 21:45,23.921,5.67,0
7/1/2018 22:00,23.926,5.69,0
7/1/2018 22:15,23.923,5.7,0
7/1/2018 22:30,23.922,5.73,0
7/1/2018 22:45,23.919,5.74,0
7/1/2018 23:00,23.915,5.74,0
7/1/2018 23:15,23.911,5.76,0
7/1/2018 23:30,23.91,5.75,0
7/1/2018 23:45,23.903,5.74,0
7/2/2018 0:00,23.894,5.75,0
7/2/2018 0:15,23.885,5.75,0
7/2/2018 0:30,23.876,5.76,0
7/2/2018 0:45,23.87,5.74,0
7/2/2018 1:00,23.86,5.75,0
7/2/2018 1:15,23.852,5.76,0
7/2/2018 1:30,23.845,5.75,0
7/2/2018 1:45,23.839,5.76,0
7/2/2018 2:00,23.837,5.76,0
7/2/2018 2:15,23.834,5.77,0
7/2/2018 2:30,23.834,5.76,0
7/2/2018 2:45,23.835,5.77,0
7/2/2018 3:00,23.837,5.78,0
7/2/2018 3:15,23.841,5.77,0
7/2/2018 3:30,23.845,5.77,0
7/2/2018 3:45,23.85,5.77,0
7/2/2018 4:00,23.853,5.76,0
7/2/2018 4:15,23.858,5.75,0
7/2/2018 4:30,23.861,5.77,0.254
7/2/2018 4:45,23.865,5.76,0
7/2/2018 5:00,23.869,5.75,0.762
7/2/2018 5:15,23.867,5.74,0.254
7/2/2018 5:30,23.867,5.74,0
7/2/2018 5:45,23.864,5.75,0
7/2/2018 6:00,23.861,5.74,0
7/2/2018 6:15,23.859,5.73,0
7/2/2018 6:30,23.857,5.72,0
7/2/2018 6:45,23.851,5.71,0
7/2/2018 7:00,23.843,5.7,0
7/2/2018 7:15,23.836,5.7,0
7/2/2018 7:30,23.827,5.7,0
7/2/2018 7:45,23.818,5.71,1.778
7/2/2018 8:00,23.803,5.72,0.762
7/2/2018 8:15,23.793,5.75,0
7/2/2018 8:30,23.782,5.63,0
7/2/2018 8:45,23.774,5.56,0
7/2/2018 9:00,23.771,5.55,1.016
7/2/2018 9:15,23.77,5.54,0
7/2/2018 9:30,23.769,5.53,0
7/2/2018 9:45,23.77,5.51,0
7/2/2018 10:00,23.777,5.51,0
7/2/2018 10:15,23.784,5.52,0
7/2/2018 10:30,23.802,5.52,0
7/2/2018 10:45,23.821,5.52,0
7/2/2018 11:00,23.84,5.52,0
7/2/2018 11:15,23.862,5.52,3.302
7/2/2018 11:30,23.882,5.51,1.524
7/2/2018 11:45,23.89,5.5,0
7/2/2018 12:00,23.913,5.49,0
7/2/2018 12:15,23.932,5.48,0
7/2/2018 12:30,23.947,5.48,0
7/2/2018 12:45,23.968,5.48,0
7/2/2018 13:00,23.987,5.48,0.254
7/2/2018 13:15,24.029,5.46,0.254
7/2/2018 13:30,24.065,5.47,0
7/2/2018 13:45,24.112,5.47,0
7/2/2018 14:00,24.161,5.47,0.254
7/2/2018 14:15,24.22,5.47,0
7/2/2018 14:30,24.279,5.48,0
7/2/2018 14:45,24.314,5.48,0
7/2/2018 15:00,24.344,5.48,0
7/2/2018 15:15,24.347,5.49,0
7/2/2018 15:30,24.348,5.48,0
7/2/2018 15:45,24.35,5.48,0
7/2/2018 16:00,24.372,5.47,0
7/2/2018 16:15,24.402,5.46,0
7/2/2018 16:30,24.413,5.46,0
7/2/2018 16:45,24.446,5.47,0
7/2/2018 17:00,24.479,5.48,0
7/2/2018 17:15,24.491,5.48,0
7/2/2018 17:30,24.493,5.48,0
7/2/2018 17:45,24.488,5.48,0
7/2/2018 18:00,24.469,5.48,0
7/2/2018 18:15,24.45,5.48,0
7/2/2018 18:30,24.43,5.49,0
7/2/2018 18:45,24.408,5.49,0
7/2/2018 19:00,24.392,5.48,0
7/2/2018 19:15,24.382,5.48,0
7/2/2018 19:30,24.37,5.47,0
7/2/2018 19:45,24.363,5.48,0
7/2/2018 20:00,24.358,5.49,0
7/2/2018 20:15,24.356,5.49,0
7/2/2018 20:30,24.356,5.48,0
7/2/2018 20:45,24.353,5.48,0
7/2/2018 21:00,24.347,5.48,0
7/2/2018 21:15,24.338,5.47,0
7/2/2018 21:30,24.327,5.48,0
7/2/2018 21:45,24.313,5.5,0
7/2/2018 22:00,24.299,5.49,0
7/2/2018 22:15,24.285,5.49,0
7/2/2018 22:30,24.271,5.49,3.048
7/2/2018 22:45,24.254,5.5,0.762
7/2/2018 23:00,24.237,5.49,0
7/2/2018 23:15,24.219,5.5,0
7/2/2018 23:30,24.2,5.49,0
7/2/2018 23:45,24.182,5.49,0
7/3/2018 0:00,24.165,5.49,0
7/3/2018 0:15,24.148,5.5,0
7/3/2018 0:30,24.137,5.51,0
7/3/2018 0:45,24.125,5.5,0
7/3/2018 1:00,24.119,5.5,0
7/3/2018 1:15,24.116,5.49,0
7/3/2018 1:30,24.112,5.5,0
7/3/2018 1:45,24.106,5.51,0
7/3/2018 2:00,24.103,5.5,0
7/3/2018 2:15,24.099,5.49,0
7/3/2018 2:30,24.075,5.5,0
7/3/2018 2:45,24.043,5.47,0
7/3/2018 3:00,24.041,5.48,0
7/3/2018 3:15,24.034,5.49,0
7/3/2018 3:30,24.016,5.49,0
7/3/2018 3:45,24.004,5.5,0
7/3/2018 4:00,23.992,5.51,0
7/3/2018 4:15,23.982,5.51,0
7/3/2018 4:30,23.974,5.51,0
7/3/2018 4:45,23.966,5.52,0
7/3/2018 5:00,23.958,5.51,0
7/3/2018 5:15,23.951,5.51,0
7/3/2018 5:30,23.941,5.51,0
7/3/2018 5:45,23.93,5.52,0
7/3/2018 6:00,23.921,5.52,0
7/3/2018 6:15,23.912,5.51,0
7/3/2018 6:30,23.904,5.52,0
7/3/2018 6:45,23.895,5.52,0
7/3/2018 7:00,23.884,5.51,0
7/3/2018 7:15,23.87,5.51,0
7/3/2018 7:30,23.851,5.51,0
7/3/2018 7:45,23.831,5.51,0
7/3/2018 8:00,23.809,5.48,0
7/3/2018 8:15,23.786,5.48,0
7/3/2018 8:30,23.766,5.48,0
7/3/2018 8:45,23.747,5.48,0
7/3/2018 9:00,23.733,5.47,0
7/3/2018 9:15,23.719,5.47,0
7/3/2018 9:30,23.704,5.48,0
7/3/2018 9:45,23.689,5.48,0
7/3/2018 10:00,23.68,5.49,0
7/3/2018 10:15,23.674,5.49,0
7/3/2018 10:30,23.672,5.5,0
7/3/2018 10:45,23.674,5.51,0
7/3/2018 11:00,23.682,5.51,0.254
7/3/2018 11:15,23.694,5.52,0
7/3/2018 11:30,23.714,5.51,0
7/3/2018 11:45,23.739,5.52,0
7/3/2018 12:00,23.768,5.52,0
7/3/2018 12:15,23.8,5.5,0
7/3/2018 12:30,23.831,5.51,0
7/3/2018 12:45,23.866,5.51,0
7/3/2018 13:00,23.9,5.51,0
7/3/2018 13:15,23.939,5.5,0
7/3/2018 13:30,23.987,5.5,0
7/3/2018 13:45,NA,NA,0
7/3/2018 14:00,24.071,NA,0
7/3/2018 14:15,24.104,7.03,0
7/3/2018 14:30,24.154,NA,0
7/3/2018 14:45,24.215,6.76,0
7/3/2018 15:00,24.302,5.97,0
7/3/2018 15:15,24.353,5.73,0
7/3/2018 15:30,24.41,5.65,0
7/3/2018 15:45,24.476,5.62,0
7/3/2018 16:00,24.531,5.6,0
7/3/2018 16:15,24.582,5.59,0
7/3/2018 16:30,24.626,5.57,0
7/3/2018 16:45,24.65,5.57,0
7/3/2018 17:00,24.667,5.56,0
7/3/2018 17:15,24.679,5.56,0
7/3/2018 17:30,24.687,5.55,0
7/3/2018 17:45,24.671,5.54,0
7/3/2018 18:00,24.666,5.54,0
7/3/2018 18:15,24.651,5.54,0
7/3/2018 18:30,24.631,5.55,0
7/3/2018 18:45,24.601,5.55,0
7/3/2018 19:00,24.578,5.57,0
7/3/2018 19:15,24.554,5.54,0
7/3/2018 19:30,24.532,5.54,0.254
7/3/2018 19:45,24.51,5.53,0
7/3/2018 20:00,24.493,5.53,0
7/3/2018 20:15,24.463,5.69,0
7/3/2018 20:30,24.44,5.54,0
7/3/2018 20:45,24.41,5.5,0
7/3/2018 21:00,24.398,5.49,0.254
7/3/2018 21:15,24.386,5.5,0
7/3/2018 21:30,24.372,5.5,0
7/3/2018 21:45,24.362,5.51,0
7/3/2018 22:00,24.349,5.52,0
7/3/2018 22:15,24.339,5.52,0
7/3/2018 22:30,24.32,5.53,1.016
7/3/2018 22:45,24.296,5.53,1.016
7/3/2018 23:00,24.281,5.52,1.016
7/3/2018 23:15,24.261,5.52,0.508
7/3/2018 23:30,24.241,5.52,0.508
7/3/2018 23:45,24.223,5.53,0.254
7/4/2018 0:00,24.208,5.52,0
7/4/2018 0:15,24.198,5.53,0
7/4/2018 0:30,24.186,5.52,0
7/4/2018 0:45,24.175,5.52,0
7/4/2018 1:00,24.167,5.52,0
7/4/2018 1:15,24.16,5.52,0
7/4/2018 1:30,24.154,5.53,0
7/4/2018 1:45,24.15,5.52,0
7/4/2018 2:00,24.142,5.52,0
7/4/2018 2:15,24.135,5.51,0.254
7/4/2018 2:30,24.126,5.53,0
7/4/2018 2:45,24.116,5.55,0.762
7/4/2018 3:00,24.099,5.53,0.254
7/4/2018 3:15,24.083,5.51,0.254
7/4/2018 3:30,24.062,5.55,0
7/4/2018 3:45,24.037,5.5,0.254
7/4/2018 4:00,24.017,5.5,0.254
7/4/2018 4:15,24.004,5.51,0
7/4/2018 4:30,23.993,5.51,0.254
7/4/2018 4:45,23.985,5.52,0
7/4/2018 5:00,23.982,5.52,0
7/4/2018 5:15,23.978,5.51,0.508
7/4/2018 5:30,23.972,5.51,0.254
7/4/2018 5:45,23.968,5.51,0.254
7/4/2018 6:00,23.962,5.51,0.254
7/4/2018 6:15,23.957,5.52,0.254
7/4/2018 6:30,23.948,5.52,0
7/4/2018 6:45,23.946,5.52,0
7/4/2018 7:00,23.931,5.56,0
7/4/2018 7:15,23.926,5.51,0
7/4/2018 7:30,23.922,5.52,0
7/4/2018 7:45,23.921,5.51,0
7/4/2018 8:00,23.913,5.53,0
7/4/2018 8:15,23.908,5.52,0
7/4/2018 8:30,23.906,5.54,0
7/4/2018 8:45,23.904,5.55,0.254
7/4/2018 9:00,23.906,5.54,0
7/4/2018 9:15,23.908,5.53,0.254
7/4/2018 9:30,23.906,5.53,0
7/4/2018 9:45,23.906,5.52,0
7/4/2018 10:00,23.907,5.51,0.508
7/4/2018 10:15,23.913,5.52,0
7/4/2018 10:30,23.916,5.52,0
7/4/2018 10:45,23.923,5.53,0
7/4/2018 11:00,23.929,5.53,0
7/4/2018 11:15,23.941,5.53,0
7/4/2018 11:30,23.956,5.54,0
7/4/2018 11:45,23.972,5.53,0
7/4/2018 12:00,23.993,5.53,0
7/4/2018 12:15,24.016,5.52,0
7/4/2018 12:30,24.036,5.53,0
7/4/2018 12:45,24.059,5.53,0
7/4/2018 13:00,24.082,5.52,0
7/4/2018 13:15,24.102,5.53,0
7/4/2018 13:30,24.128,5.52,0
7/4/2018 13:45,24.16,5.54,0
7/4/2018 14:00,24.182,5.53,0
7/4/2018 14:15,24.205,5.53,0
7/4/2018 14:30,24.223,5.53,0
7/4/2018 14:45,24.246,5.54,0
7/4/2018 15:00,24.282,5.54,0
7/4/2018 15:15,24.328,5.54,0.254
7/4/2018 15:30,24.397,5.54,5.08
7/4/2018 15:45,24.456,5.54,13.46
7/4/2018 16:00,24.508,5.54,1.016
7/4/2018 16:15,24.595,5.55,0
7/4/2018 16:30,24.68,5.55,0
7/4/2018 16:45,24.708,5.56,0
7/4/2018 17:00,24.696,5.55,0
7/4/2018 17:15,24.708,5.55,0.254
7/4/2018 17:30,24.719,5.55,0
7/4/2018 17:45,24.763,5.54,0
7/4/2018 18:00,24.764,5.54,0
7/4/2018 18:15,24.768,5.55,0
7/4/2018 18:30,24.786,5.54,0
7/4/2018 18:45,24.777,5.54,0
7/4/2018 19:00,24.792,5.55,0
7/4/2018 19:15,24.791,5.54,0
7/4/2018 19:30,24.814,5.63,0
7/4/2018 19:45,25.003,5.34,0
7/4/2018 20:00,24.887,5.1,0
7/4/2018 20:15,24.799,5.15,0
7/4/2018 20:30,24.728,5.21,0
7/4/2018 20:45,24.674,5.27,0
7/4/2018 21:00,24.636,5.31,0
7/4/2018 21:15,24.605,5.32,0
7/4/2018 21:30,24.58,5.33,0
7/4/2018 21:45,24.556,5.34,0
7/4/2018 22:00,24.538,5.38,0
7/4/2018 22:15,24.52,5.37,0
7/4/2018 22:30,24.502,5.39,0
7/4/2018 22:45,24.486,5.39,0
7/4/2018 23:00,24.47,5.4,0
7/4/2018 23:15,24.454,5.39,0
7/4/2018 23:30,24.438,5.41,0.762
7/4/2018 23:45,24.423,5.41,1.016
7/5/2018 0:00,24.412,5.4,0
7/5/2018 0:15,24.404,5.41,0
7/5/2018 0:30,24.396,5.42,0
7/5/2018 0:45,24.387,5.42,0
7/5/2018 1:00,24.381,5.42,0
7/5/2018 1:15,24.375,5.43,0
7/5/2018 1:30,24.367,5.42,0
7/5/2018 1:45,24.357,5.44,0
7/5/2018 2:00,24.344,5.43,0
7/5/2018 2:15,24.33,5.44,0.508
7/5/2018 2:30,24.316,5.42,0.508
7/5/2018 2:45,24.305,5.43,0
7/5/2018 3:00,24.294,5.43,0.508
7/5/2018 3:15,24.284,5.44,2.286
7/5/2018 3:30,24.279,5.43,1.778
7/5/2018 3:45,24.265,5.47,0.254
7/5/2018 4:00,24.263,5.44,1.524
7/5/2018 4:15,24.258,5.43,1.016
7/5/2018 4:30,24.251,5.45,0.254
7/5/2018 4:45,24.24,5.46,1.27
7/5/2018 5:00,24.232,5.44,0.508
7/5/2018 5:15,24.223,5.44,0.508
7/5/2018 5:30,24.214,5.44,2.286
7/5/2018 5:45,24.202,5.45,0.254
7/5/2018 6:00,24.192,5.45,0.762
7/5/2018 6:15,24.186,5.45,0.254
7/5/2018 6:30,24.181,5.46,1.778
7/5/2018 6:45,24.182,5.44,0.508
7/5/2018 7:00,24.174,5.44,0
7/5/2018 7:15,24.16,5.45,0.254
7/5/2018 7:30,24.149,5.47,0
7/5/2018 7:45,24.147,5.44,0
7/5/2018 8:00,24.13,5.44,0
7/5/2018 8:15,24.127,5.42,0
7/5/2018 8:30,24.124,5.39,0.508
7/5/2018 8:45,24.122,5.41,0.254
7/5/2018 9:00,24.105,5.4,0
7/5/2018 9:15,24.103,5.39,0
7/5/2018 9:30,24.077,5.4,0
7/5/2018 9:45,24.073,5.36,0
7/5/2018 10:00,24.073,5.35,0
7/5/2018 10:15,24.078,5.38,0.762
7/5/2018 10:30,24.076,5.38,0.508
7/5/2018 10:45,24.073,5.37,1.27
7/5/2018 11:00,24.079,5.37,0.762
7/5/2018 11:15,24.087,5.39,1.016
7/5/2018 11:30,24.101,5.37,0.508
7/5/2018 11:45,24.115,5.36,1.27
7/5/2018 12:00,24.13,5.36,1.27
7/5/2018 12:15,24.14,5.39,0.254
7/5/2018 12:30,24.151,5.4,0.254
7/5/2018 12:45,24.172,5.39,0.508
7/5/2018 13:00,24.204,5.39,0.254
7/5/2018 13:15,24.229,5.4,0.508
7/5/2018 13:30,24.258,5.4,0.254
7/5/2018 13:45,24.285,5.39,0
7/5/2018 14:00,24.308,5.39,0
7/5/2018 14:15,24.321,5.4,2.286
7/5/2018 14:30,24.327,5.4,0.254
7/5/2018 14:45,24.317,5.43,0.254
7/5/2018 15:00,24.31,5.41,0.508
7/5/2018 15:15,24.307,5.42,0
7/5/2018 15:30,24.306,5.42,0
7/5/2018 15:45,24.292,5.42,0
7/5/2018 16:00,24.284,5.39,0
7/5/2018 16:15,24.277,5.41,0
7/5/2018 16:30,24.278,5.42,0
7/5/2018 16:45,24.277,5.42,0
7/5/2018 17:00,24.279,5.4,0
7/5/2018 17:15,24.28,5.4,0
7/5/2018 17:30,24.287,5.4,0
7/5/2018 17:45,24.299,5.4,0
7/5/2018 18:00,24.31,5.39,0
7/5/2018 18:15,24.315,5.4,0
7/5/2018 18:30,24.318,5.38,0
7/5/2018 18:45,24.32,5.4,0
7/5/2018 19:00,24.325,5.39,0
7/5/2018 19:15,24.337,5.39,0
7/5/2018 19:30,24.349,5.37,0
7/5/2018 19:45,24.366,5.38,0
7/5/2018 20:00,24.377,5.39,0
7/5/2018 20:15,24.387,5.39,0
7/5/2018 20:30,24.392,5.38,0
7/5/2018 20:45,24.391,5.39,0
7/5/2018 21:00,24.39,5.4,0
7/5/2018 21:15,24.387,5.4,0
7/5/2018 21:30,24.382,5.39,0
7/5/2018 21:45,24.378,5.41,0
7/5/2018 22:00,24.372,5.41,0
7/5/2018 22:15,24.365,5.44,0
7/5/2018 22:30,24.356,5.42,0
7/5/2018 22:45,24.344,5.42,0
7/5/2018 23:00,24.331,5.41,0
7/5/2018 23:15,24.32,5.43,0
7/5/2018 23:30,24.308,5.42,0
7/5/2018 23:45,24.298,5.43,0
7/6/2018 0:00,24.287,5.43,0
7/6/2018 0:15,24.274,5.41,0
7/6/2018 0:30,24.262,5.41,0
7/6/2018 0:45,24.251,5.42,0
7/6/2018 1:00,24.239,5.43,0
7/6/2018 1:15,24.229,5.43,0
7/6/2018 1:30,24.218,5.43,0
7/6/2018 1:45,24.208,5.42,0
7/6/2018 2:00,24.203,5.4,0
7/6/2018 2:15,24.197,5.42,0
7/6/2018 2:30,24.192,5.4,0
7/6/2018 2:45,24.186,5.42,0
7/6/2018 3:00,24.18,5.42,0
7/6/2018 3:15,24.173,5.41,0
7/6/2018 3:30,24.17,5.42,0
7/6/2018 3:45,24.165,5.43,0
7/6/2018 4:00,24.16,5.41,0
7/6/2018 4:15,24.156,5.4,0
7/6/2018 4:30,24.153,5.41,0
7/6/2018 4:45,24.148,5.43,0
7/6/2018 5:00,24.143,5.41,0
7/6/2018 5:15,24.138,5.43,0
7/6/2018 5:30,24.133,5.43,0
7/6/2018 5:45,24.127,5.43,0
7/6/2018 6:00,24.119,5.43,0
7/6/2018 6:15,24.112,5.42,0
7/6/2018 6:30,24.103,5.42,0
7/6/2018 6:45,24.093,5.45,0
7/6/2018 7:00,24.084,5.44,0
7/6/2018 7:15,24.077,5.41,0
7/6/2018 7:30,24.07,5.44,0
7/6/2018 7:45,24.06,5.43,0
7/6/2018 8:00,24.05,5.42,0.508
7/6/2018 8:15,24.042,5.45,0.508
7/6/2018 8:30,24.035,5.43,0
7/6/2018 8:45,24.028,5.43,0
7/6/2018 9:00,24.019,5.41,0.254
7/6/2018 9:15,24.01,5.44,0
7/6/2018 9:30,24.002,5.46,0
7/6/2018 9:45,23.998,5.44,0
7/6/2018 10:00,23.999,5.43,0.254
7/6/2018 10:15,24.001,5.41,0
7/6/2018 10:30,24.005,5.42,0
7/6/2018 10:45,24.015,5.45,0
7/6/2018 11:00,24.028,5.45,0
7/6/2018 11:15,24.048,5.44,0
7/6/2018 11:30,24.066,5.41,0
7/6/2018 11:45,24.085,5.44,0
7/6/2018 12:00,24.103,5.43,0
7/6/2018 12:15,24.107,5.46,0
7/6/2018 12:30,24.112,5.42,0
7/6/2018 12:45,24.122,5.39,0
7/6/2018 13:00,24.125,5.44,0
7/6/2018 13:15,24.135,NA,0
7/6/2018 13:30,24.143,NA,0
7/6/2018 13:45,24.157,NA,0
7/6/2018 14:00,24.167,7.47,0
7/6/2018 14:15,24.18,6.91,0
7/6/2018 14:30,24.2,6.55,0
7/6/2018 14:45,24.229,6.32,0
7/6/2018 15:00,24.242,6.19,0
7/6/2018 15:15,24.271,6.08,0
7/6/2018 15:30,24.306,5.98,0
7/6/2018 15:45,24.345,5.92,0
7/6/2018 16:00,24.419,5.86,0
7/6/2018 16:15,24.502,5.83,0
7/6/2018 16:30,24.589,5.79,0
7/6/2018 16:45,24.678,5.77,0
7/6/2018 17:00,24.733,5.77,3.048
7/6/2018 17:15,24.775,5.73,0
7/6/2018 17:30,24.801,5.71,0.254
7/6/2018 17:45,24.8,5.7,0
7/6/2018 18:00,24.772,5.69,0
7/6/2018 18:15,24.753,5.67,0
7/6/2018 18:30,24.74,5.67,0
7/6/2018 18:45,24.717,5.68,0
7/6/2018 19:00,24.693,5.67,0
7/6/2018 19:15,24.673,5.66,0
7/6/2018 19:30,24.655,5.67,0
7/6/2018 19:45,24.639,5.64,0
7/6/2018 20:00,24.622,5.64,0
7/6/2018 20:15,24.604,5.63,0
7/6/2018 20:30,24.586,5.62,0
7/6/2018 20:45,24.568,5.63,0.254
7/6/2018 21:00,24.548,5.65,0
7/6/2018 21:15,24.533,5.63,0
7/6/2018 21:30,24.512,5.61,0
7/6/2018 21:45,24.484,5.61,0
7/6/2018 22:00,24.46,5.59,0
7/6/2018 22:15,24.431,5.6,0
7/6/2018 22:30,24.408,5.59,0
7/6/2018 22:45,24.391,5.59,0
7/6/2018 23:00,24.376,5.58,0
7/6/2018 23:15,24.362,5.58,0
7/6/2018 23:30,24.351,5.58,0
7/6/2018 23:45,24.34,5.57,0
7/7/2018 0:00,24.333,5.57,0
7/7/2018 0:15,24.325,5.57,0
7/7/2018 0:30,24.32,5.56,0
7/7/2018 0:45,24.313,5.57,0
7/7/2018 1:00,24.307,5.57,0
7/7/2018 1:15,24.297,5.56,0
7/7/2018 1:30,24.289,5.56,0.254
7/7/2018 1:45,24.277,5.56,0
7/7/2018 2:00,24.262,5.57,0
7/7/2018 2:15,24.247,5.56,0
7/7/2018 2:30,24.237,5.55,0
7/7/2018 2:45,24.219,5.6,0
7/7/2018 3:00,24.206,5.62,0
7/7/2018 3:15,24.195,5.61,0
7/7/2018 3:30,24.188,5.61,0
7/7/2018 3:45,24.181,5.6,0
7/7/2018 4:00,24.175,5.6,0
7/7/2018 4:15,24.17,5.6,0
7/7/2018 4:30,24.167,5.6,0
7/7/2018 4:45,24.161,5.59,0
7/7/2018 5:00,24.157,5.6,0
7/7/2018 5:15,24.155,5.6,0
7/7/2018 5:30,24.155,5.59,0
7/7/2018 5:45,24.153,5.59,0
7/7/2018 6:00,24.149,5.59,0
7/7/2018 6:15,24.148,5.59,0.508
7/7/2018 6:30,24.145,5.58,0
7/7/2018 6:45,24.139,5.59,0
7/7/2018 7:00,24.134,5.58,0
7/7/2018 7:15,24.129,5.58,0
7/7/2018 7:30,24.121,5.58,0
7/7/2018 7:45,24.115,5.58,0.254
7/7/2018 8:00,24.11,5.58,2.54
7/7/2018 8:15,24.105,5.58,0.508
7/7/2018 8:30,24.096,5.57,0.254
7/7/2018 8:45,24.088,5.58,1.016
7/7/2018 9:00,24.076,5.58,0
7/7/2018 9:15,24.066,5.58,0
7/7/2018 9:30,24.058,5.58,0.508
7/7/2018 9:45,24.052,5.58,0
7/7/2018 10:00,24.047,5.58,0
7/7/2018 10:15,24.044,5.57,0
7/7/2018 10:30,24.046,5.58,0
7/7/2018 10:45,24.053,5.57,0
7/7/2018 11:00,24.06,5.58,0
7/7/2018 11:15,24.073,5.58,0
7/7/2018 11:30,24.086,5.58,0
7/7/2018 11:45,24.105,5.57,0.508
7/7/2018 12:00,24.115,5.59,4.318
7/7/2018 12:15,24.13,5.58,3.048
7/7/2018 12:30,24.152,5.57,9.65
7/7/2018 12:45,24.159,5.57,0.508
7/7/2018 13:00,24.169,5.56,0
7/7/2018 13:15,24.183,5.54,0
7/7/2018 13:30,24.192,5.54,0
7/7/2018 13:45,24.224,NA,0
7/7/2018 14:00,24.262,NA,0
7/7/2018 14:15,24.297,7.8,0
7/7/2018 14:30,NA,NA,0
7/7/2018 14:45,NA,NA,0
7/7/2018 15:00,NA,NA,0
7/7/2018 15:15,NA,NA,0
7/7/2018 15:30,NA,NA,0
7/7/2018 15:45,NA,NA,0
7/7/2018 16:00,22.185,6.35,0
7/7/2018 16:15,21.41,6.23,0
7/7/2018 16:30,21.659,6.19,0
7/7/2018 16:45,21.917,6.14,0
7/7/2018 17:00,21.767,6.04,0
7/7/2018 17:15,23.561,6.5,0
7/7/2018 17:30,25.271,7,0
7/7/2018 17:45,24.415,NA,0
7/7/2018 18:00,24.435,NA,0
7/7/2018 18:15,24.466,7.77,0
7/7/2018 18:30,24.501,6.64,0
7/7/2018 18:45,24.527,6.04,0
7/7/2018 19:00,24.556,5.81,0
7/7/2018 19:15,24.58,5.69,0
7/7/2018 19:30,24.597,5.63,0
7/7/2018 19:45,24.602,5.59,0
7/7/2018 20:00,24.595,5.57,0
7/7/2018 20:15,24.583,5.56,0
7/7/2018 20:30,24.564,5.55,0
7/7/2018 20:45,24.549,5.55,0
7/7/2018 21:00,24.532,5.53,0
7/7/2018 21:15,24.521,5.52,0
7/7/2018 21:30,24.509,5.52,0
7/7/2018 21:45,24.5,5.51,0
7/7/2018 22:00,24.491,5.51,0
7/7/2018 22:15,24.482,5.49,0
7/7/2018 22:30,24.475,5.5,0
7/7/2018 22:45,24.466,5.64,0
7/7/2018 23:00,24.455,5.59,0
7/7/2018 23:15,24.445,5.53,0.762
7/7/2018 23:30,24.432,5.52,1.27
7/7/2018 23:45,24.419,5.52,0
7/8/2018 0:00,24.407,5.51,0
7/8/2018 0:15,24.394,5.53,0
7/8/2018 0:30,24.378,5.51,0
7/8/2018 0:45,24.363,5.53,0
7/8/2018 1:00,24.347,5.51,0
7/8/2018 1:15,24.33,5.51,0
7/8/2018 1:30,24.308,5.5,0
7/8/2018 1:45,24.29,5.51,0
7/8/2018 2:00,24.271,5.5,0.254
7/8/2018 2:15,24.252,5.49,0
7/8/2018 2:30,24.237,5.5,0.508
7/8/2018 2:45,24.224,5.49,2.286
7/8/2018 3:00,24.215,5.5,1.016
7/8/2018 3:15,24.207,5.52,0
7/8/2018 3:30,24.193,5.53,0.254
7/8/2018 3:45,24.189,5.5,0
7/8/2018 4:00,24.187,5.51,0
7/8/2018 4:15,24.182,5.5,0.254
7/8/2018 4:30,24.176,5.5,0
7/8/2018 4:45,24.17,5.51,0
7/8/2018 5:00,24.164,5.5,0.254
7/8/2018 5:15,24.159,5.49,0.254
7/8/2018 5:30,24.157,5.5,0
7/8/2018 5:45,24.15,5.49,1.524
7/8/2018 6:00,24.141,5.5,0.254
7/8/2018 6:15,24.132,5.49,0.508
7/8/2018 6:30,24.127,5.5,0
7/8/2018 6:45,24.119,5.48,0
7/8/2018 7:00,24.074,5.49,0
7/8/2018 7:15,24.071,5.48,1.524
7/8/2018 7:30,24.062,5.46,1.524
7/8/2018 7:45,24.051,5.45,0.254
7/8/2018 8:00,24.042,5.46,0
7/8/2018 8:15,24.034,5.47,0.508
7/8/2018 8:30,24.025,5.47,0
7/8/2018 8:45,24.015,5.47,0
7/8/2018 9:00,24.005,5.47,0
7/8/2018 9:15,23.995,5.48,0.508
7/8/2018 9:30,23.989,5.48,0.508
7/8/2018 9:45,23.971,5.5,0
7/8/2018 10:00,23.961,5.48,0
7/8/2018 10:15,23.952,5.47,0
7/8/2018 10:30,23.949,5.45,0
7/8/2018 10:45,23.953,5.44,0
7/8/2018 11:00,23.956,5.49,0
7/8/2018 11:15,23.957,5.47,0
7/8/2018 11:30,23.947,5.55,0
7/8/2018 11:45,23.963,5.71,0
7/8/2018 12:00,23.983,5.58,0
7/8/2018 12:15,23.996,5.54,0
7/8/2018 12:30,24.022,5.49,0
7/8/2018 12:45,24.054,5.47,0.254
7/8/2018 13:00,24.088,5.46,0
7/8/2018 13:15,24.105,5.47,0
7/8/2018 13:30,24.123,5.47,0
7/8/2018 13:45,24.147,5.46,0
7/8/2018 14:00,24.171,5.46,0
7/8/2018 14:15,24.21,5.45,0
7/8/2018 14:30,24.259,5.45,1.016
7/8/2018 14:45,24.321,5.45,0.762
7/8/2018 15:00,24.393,5.44,0
7/8/2018 15:15,24.435,5.45,0
7/8/2018 15:30,24.441,5.44,0
7/8/2018 15:45,24.463,5.44,0
7/8/2018 16:00,24.482,5.45,0.254
7/8/2018 16:15,24.534,5.44,0
7/8/2018 16:30,24.61,5.45,0
7/8/2018 16:45,24.688,5.45,0
7/8/2018 17:00,24.733,5.45,0
7/8/2018 17:15,24.786,5.45,0
7/8/2018 17:30,24.808,5.45,0
7/8/2018 17:45,24.8,5.44,0.254
7/8/2018 18:00,24.782,NA,0
7/8/2018 18:15,24.739,NA,0
7/8/2018 18:30,24.689,NA,0
7/8/2018 18:45,24.617,NA,0
7/8/2018 19:00,24.57,NA,0
7/8/2018 19:15,24.557,7.7,0
7/8/2018 19:30,24.558,6.88,0
7/8/2018 19:45,24.561,6.4,0
7/8/2018 20:00,24.563,6.13,0
7/8/2018 20:15,24.561,5.98,0
7/8/2018 20:30,24.552,5.89,0
7/8/2018 20:45,24.545,5.85,0
7/8/2018 21:00,24.543,5.81,0
7/8/2018 21:15,24.542,5.79,0
7/8/2018 21:30,24.54,5.78,0
7/8/2018 21:45,24.526,5.86,0
7/8/2018 22:00,24.515,5.75,0
7/8/2018 22:15,24.499,5.77,0
7/8/2018 22:30,24.484,5.74,0
7/8/2018 22:45,24.467,5.72,0
7/8/2018 23:00,24.448,5.72,0
7/8/2018 23:15,24.428,5.7,0
7/8/2018 23:30,24.409,5.71,0
7/8/2018 23:45,24.388,5.69,0
7/9/2018 0:00,24.368,5.69,0
7/9/2018 0:15,24.345,5.68,0
7/9/2018 0:30,24.324,5.66,0
7/9/2018 0:45,24.303,5.66,0
7/9/2018 1:00,24.281,5.66,0
7/9/2018 1:15,24.265,5.66,0
7/9/2018 1:30,24.241,5.65,0
7/9/2018 1:45,24.224,5.68,0
7/9/2018 2:00,24.208,5.65,0
7/9/2018 2:15,24.187,5.65,0
7/9/2018 2:30,24.181,5.63,0
7/9/2018 2:45,24.168,5.63,0
7/9/2018 3:00,24.16,5.61,0
7/9/2018 3:15,24.146,5.62,0
7/9/2018 3:30,24.135,5.61,0
7/9/2018 3:45,24.127,5.61,0
7/9/2018 4:00,24.123,5.61,0
7/9/2018 4:15,24.123,5.6,0
7/9/2018 4:30,24.12,5.61,0
7/9/2018 4:45,24.118,5.61,0
7/9/2018 5:00,24.122,5.6,0
7/9/2018 5:15,24.115,5.6,0
7/9/2018 5:30,24.108,5.6,0
7/9/2018 5:45,24.101,5.59,0
7/9/2018 6:00,24.09,5.59,0
7/9/2018 6:15,24.077,5.59,0
7/9/2018 6:30,24.062,5.59,0
7/9/2018 6:45,24.048,5.59,0
7/9/2018 7:00,24.029,5.59,0
7/9/2018 7:15,24.011,5.59,0.254
7/9/2018 7:30,23.993,5.58,0.508
7/9/2018 7:45,23.982,5.59,0
7/9/2018 8:00,23.972,5.56,3.81
7/9/2018 8:15,23.961,5.59,0.508
7/9/2018 8:30,23.956,5.57,0.508
7/9/2018 8:45,23.953,5.58,0
7/9/2018 9:00,23.953,5.59,0
7/9/2018 9:15,23.957,5.56,0
7/9/2018 9:30,23.964,5.58,0
7/9/2018 9:45,23.966,5.57,0
7/9/2018 10:00,23.975,5.56,1.524
7/9/2018 10:15,23.98,5.58,0
7/9/2018 10:30,23.983,5.57,0
7/9/2018 10:45,23.991,5.58,0
7/9/2018 11:00,23.995,5.58,0
7/9/2018 11:15,24.005,5.56,0
7/9/2018 11:30,24.01,5.58,0
7/9/2018 11:45,24.019,5.59,0
7/9/2018 12:00,24.02,5.6,0
7/9/2018 12:15,24.016,5.58,0
7/9/2018 12:30,24.009,5.57,0
7/9/2018 12:45,24.01,5.54,0.254
7/9/2018 13:00,24.027,5.52,6.096
7/9/2018 13:15,24.05,5.53,0
7/9/2018 13:30,24.078,5.55,0
7/9/2018 13:45,24.1,5.55,0
7/9/2018 14:00,24.118,5.54,0
7/9/2018 14:15,24.147,5.55,0
7/9/2018 14:30,24.197,5.54,0
7/9/2018 14:45,24.253,5.54,0
7/9/2018 15:00,24.287,5.53,0
7/9/2018 15:15,24.382,5.53,0
7/9/2018 15:30,24.444,5.53,0
7/9/2018 15:45,24.505,5.54,0
7/9/2018 16:00,24.553,5.54,0
7/9/2018 16:15,24.598,5.53,0
7/9/2018 16:30,24.614,5.54,0
7/9/2018 16:45,24.61,5.52,0
7/9/2018 17:00,24.582,5.63,0
7/9/2018 17:15,24.495,5.56,1.016
7/9/2018 17:30,24.454,5.6,0
7/9/2018 17:45,24.449,5.5,0
7/9/2018 18:00,24.457,5.48,0
7/9/2018 18:15,24.461,5.47,0
7/9/2018 18:30,24.466,5.5,0
7/9/2018 18:45,24.483,5.49,0.254
7/9/2018 19:00,24.496,5.51,0.254
7/9/2018 19:15,24.512,5.5,0
7/9/2018 19:30,24.522,5.51,0
7/9/2018 19:45,24.532,5.52,0
7/9/2018 20:00,24.54,5.5,0
7/9/2018 20:15,24.556,5.5,0
7/9/2018 20:30,24.559,5.52,0
7/9/2018 20:45,24.557,5.52,0
7/9/2018 21:00,24.547,5.51,0
7/9/2018 21:15,24.533,5.51,0.254
7/9/2018 21:30,24.516,5.52,1.27
7/9/2018 21:45,24.495,5.52,0
7/9/2018 22:00,24.473,5.52,0
7/9/2018 22:15,24.452,5.51,0
7/9/2018 22:30,24.431,5.51,0
7/9/2018 22:45,24.413,5.49,0
7/9/2018 23:00,24.393,5.55,1.778
7/9/2018 23:15,24.376,5.5,0.254
7/9/2018 23:30,24.36,5.52,0
7/9/2018 23:45,24.342,5.52,0
7/10/2018 0:00,24.326,5.5,0
7/10/2018 0:15,24.311,5.48,0
7/10/2018 0:30,24.295,5.49,0
7/10/2018 0:45,24.284,5.49,0.254
7/10/2018 1:00,24.279,5.5,0
7/10/2018 1:15,24.273,5.49,0
7/10/2018 1:30,24.254,5.51,0
7/10/2018 1:45,24.251,5.59,0
7/10/2018 2:00,24.243,5.54,0
7/10/2018 2:15,24.238,5.5,0
7/10/2018 2:30,24.235,5.5,0
7/10/2018 2:45,24.23,5.49,0
7/10/2018 3:00,24.213,5.55,0
7/10/2018 3:15,24.213,5.51,0
7/10/2018 3:30,24.207,5.48,0.254
7/10/2018 3:45,24.196,5.5,0.762
7/10/2018 4:00,24.181,5.51,2.54
7/10/2018 4:15,24.17,5.51,0
7/10/2018 4:30,24.154,5.51,0.254
7/10/2018 4:45,24.146,5.51,0
7/10/2018 5:00,24.133,5.51,0.508
7/10/2018 5:15,24.119,5.51,2.032
7/10/2018 5:30,24.107,5.5,0
7/10/2018 5:45,24.093,5.5,0
7/10/2018 6:00,24.084,5.49,0
7/10/2018 6:15,24.073,5.5,2.032
7/10/2018 6:30,24.067,5.51,0.762
7/10/2018 6:45,24.065,5.51,0.508
7/10/2018 7:00,24.064,5.5,0.508
7/10/2018 7:15,24.061,5.5,0.254
7/10/2018 7:30,24.062,5.49,0
7/10/2018 7:45,24.054,5.49,0
7/10/2018 8:00,24.018,5.54,0
7/10/2018 8:15,24.029,5.49,0
7/10/2018 8:30,24.029,5.45,0
7/10/2018 8:45,24.027,5.45,0.254
7/10/2018 9:00,24.033,5.45,0
7/10/2018 9:15,24.018,5.47,0
7/10/2018 9:30,24.019,5.45,0
7/10/2018 9:45,24.021,5.43,0
7/10/2018 10:00,24.017,5.44,0
7/10/2018 10:15,24.002,5.46,0
7/10/2018 10:30,24.004,5.46,0.254
7/10/2018 10:45,24.005,NA,4.064
7/10/2018 11:00,24.01,NA,0.508
7/10/2018 11:15,24.014,NA,0
7/10/2018 11:30,24.03,NA,0
7/10/2018 11:45,24.052,NA,0
7/10/2018 12:00,24.072,NA,0
7/10/2018 12:15,24.1,NA,0
7/10/2018 12:30,24.122,NA,0
7/10/2018 12:45,24.143,NA,0
7/10/2018 13:00,24.173,NA,0
7/10/2018 13:15,24.199,NA,0
7/10/2018 13:30,24.227,NA,0
7/10/2018 13:45,24.257,NA,0
7/10/2018 14:00,24.284,NA,0
7/10/2018 14:15,24.299,NA,0
7/10/2018 14:30,24.312,NA,0
7/10/2018 14:45,24.316,NA,0
7/10/2018 15:00,24.317,NA,0
7/10/2018 15:15,24.318,NA,0
7/10/2018 15:30,24.361,NA,0
7/10/2018 15:45,24.431,NA,0
7/10/2018 16:00,24.51,NA,0
7/10/2018 16:15,24.589,7.81,0
7/10/2018 16:30,24.627,7.5,0
7/10/2018 16:45,24.659,7.05,0
7/10/2018 17:00,24.735,6.73,0
7/10/2018 17:15,24.791,6.53,0
7/10/2018 17:30,24.804,6.34,0
7/10/2018 17:45,24.823,6.19,0
7/10/2018 18:00,24.839,6.12,0
7/10/2018 18:15,24.853,6,0
7/10/2018 18:30,24.886,6,0
7/10/2018 18:45,24.869,5.94,0
7/10/2018 19:00,24.874,5.92,0
7/10/2018 19:15,24.884,5.9,0
7/10/2018 19:30,24.889,5.88,0
7/10/2018 19:45,24.872,6.02,0
7/10/2018 20:00,24.845,5.91,0
7/10/2018 20:15,24.808,6.23,0
7/10/2018 20:30,24.777,6,0
7/10/2018 20:45,24.75,5.87,0
7/10/2018 21:00,24.727,5.83,0
7/10/2018 21:15,24.707,5.81,0
7/10/2018 21:30,24.687,5.78,0
7/10/2018 21:45,24.672,5.78,0
7/10/2018 22:00,24.655,5.78,0
7/10/2018 22:15,24.639,5.75,0
7/10/2018 22:30,24.622,5.75,0
7/10/2018 22:45,24.606,5.71,0
7/10/2018 23:00,24.587,5.71,0
7/10/2018 23:15,24.565,5.73,0
7/10/2018 23:30,24.547,5.72,0
7/10/2018 23:45,24.526,5.75,0
7/11/2018 0:00,24.503,5.74,0
7/11/2018 0:15,24.483,5.71,0
7/11/2018 0:30,24.463,5.7,0
7/11/2018 0:45,24.439,5.69,0
7/11/2018 1:00,24.42,5.69,0
7/11/2018 1:15,24.403,5.68,0
7/11/2018 1:30,24.389,5.68,0
7/11/2018 1:45,24.377,5.67,0
7/11/2018 2:00,24.367,5.67,0
7/11/2018 2:15,24.359,5.67,0
7/11/2018 2:30,24.349,5.65,0
7/11/2018 2:45,24.335,5.65,0
7/11/2018 3:00,24.331,5.64,0
7/11/2018 3:15,24.32,5.65,0
7/11/2018 3:30,24.316,5.64,0.762
7/11/2018 3:45,24.305,5.65,0.762
7/11/2018 4:00,24.299,5.64,0
7/11/2018 4:15,24.292,5.65,0
7/11/2018 4:30,24.285,5.68,0
7/11/2018 4:45,24.278,5.67,0
7/11/2018 5:00,24.271,5.65,0
7/11/2018 5:15,24.267,5.64,0.254
7/11/2018 5:30,24.261,5.64,3.302
7/11/2018 5:45,24.26,5.63,1.27
7/11/2018 6:00,24.258,5.62,1.016
7/11/2018 6:15,24.252,5.62,0.762
7/11/2018 6:30,24.246,5.61,1.778
7/11/2018 6:45,24.239,5.61,1.27
7/11/2018 7:00,24.236,5.61,0.508
7/11/2018 7:15,24.231,5.61,1.016
7/11/2018 7:30,24.227,5.72,1.524
7/11/2018 7:45,24.216,5.87,1.27
7/11/2018 8:00,24.212,5.78,1.016
7/11/2018 8:15,24.207,5.84,0.762
7/11/2018 8:30,24.197,5.72,1.524
7/11/2018 8:45,24.192,5.66,1.27
7/11/2018 9:00,24.187,5.65,1.27
7/11/2018 9:15,24.183,5.64,0.762
7/11/2018 9:30,24.178,5.63,0.762
7/11/2018 9:45,24.153,5.82,1.27
7/11/2018 10:00,24.135,5.8,1.27
7/11/2018 10:15,24.122,5.71,1.27
7/11/2018 10:30,24.081,5.68,1.016
7/11/2018 10:45,24.042,5.73,0.254
7/11/2018 11:00,24.031,5.64,0.254
7/11/2018 11:15,24.024,5.6,0
7/11/2018 11:30,24.017,5.56,0
7/11/2018 11:45,24.012,5.53,0
7/11/2018 12:00,24.026,5.52,0
7/11/2018 12:15,24.037,5.52,0.254
7/11/2018 12:30,24.045,5.51,0
7/11/2018 12:45,24.05,5.49,0
7/11/2018 13:00,24.056,5.48,0.508
7/11/2018 13:15,24.067,5.49,0.254
7/11/2018 13:30,24.084,5.52,0.254
7/11/2018 13:45,24.096,5.49,0
7/11/2018 14:00,24.1,5.49,0.508
7/11/2018 14:15,24.101,5.48,0.254
7/11/2018 14:30,24.11,5.48,0.254
7/11/2018 14:45,24.125,5.49,0.254
7/11/2018 15:00,24.151,5.46,0
7/11/2018 15:15,24.18,5.46,0
7/11/2018 15:30,24.202,5.47,0
7/11/2018 15:45,24.226,5.47,0
7/11/2018 16:00,24.249,5.48,0
7/11/2018 16:15,24.27,5.49,0
7/11/2018 16:30,24.295,5.51,0
7/11/2018 16:45,24.315,5.49,0
7/11/2018 17:00,24.324,5.53,0
7/11/2018 17:15,24.326,5.52,0
7/11/2018 17:30,24.327,5.51,0
7/11/2018 17:45,24.325,5.51,0
7/11/2018 18:00,24.324,5.51,0
7/11/2018 18:15,24.322,5.53,0
7/11/2018 18:30,24.319,5.53,0
7/11/2018 18:45,24.316,5.52,0
7/11/2018 19:00,24.314,5.53,0
7/11/2018 19:15,24.315,5.52,0
7/11/2018 19:30,24.316,5.53,0
7/11/2018 19:45,24.318,5.5,0
7/11/2018 20:00,24.321,5.52,0
7/11/2018 20:15,24.323,5.53,0
7/11/2018 20:30,24.321,5.55,0
7/11/2018 20:45,24.318,5.53,0
7/11/2018 21:00,24.315,5.54,0
7/11/2018 21:15,24.312,5.56,0
7/11/2018 21:30,24.306,5.55,0
7/11/2018 21:45,24.3,5.58,0
7/11/2018 22:00,24.29,5.56,0
7/11/2018 22:15,24.276,5.54,0
7/11/2018 22:30,24.262,5.54,0
7/11/2018 22:45,24.245,5.53,0
7/11/2018 23:00,24.231,5.52,0
7/11/2018 23:15,24.219,5.54,0
7/11/2018 23:30,24.206,5.54,0
7/11/2018 23:45,24.194,5.54,0
7/12/2018 0:00,24.181,5.54,0
7/12/2018 0:15,24.168,5.88,0
7/12/2018 0:30,24.157,5.71,0
7/12/2018 0:45,24.15,5.66,0
7/12/2018 1:00,24.143,5.63,0
7/12/2018 1:15,24.138,5.63,0
7/12/2018 1:30,24.136,5.62,0
7/12/2018 1:45,24.13,5.61,0
7/12/2018 2:00,24.127,5.61,0
7/12/2018 2:15,24.125,5.61,0
7/12/2018 2:30,24.121,5.6,0
7/12/2018 2:45,24.115,5.6,0
7/12/2018 3:00,24.108,5.6,0
7/12/2018 3:15,24.102,5.6,0
7/12/2018 3:30,24.101,5.6,0
7/12/2018 3:45,24.1,5.59,0
7/12/2018 4:00,24.1,5.59,0
7/12/2018 4:15,24.101,5.59,0
7/12/2018 4:30,24.103,5.58,0
7/12/2018 4:45,24.107,5.59,0
7/12/2018 5:00,24.104,5.59,0
7/12/2018 5:15,24.108,5.59,0
7/12/2018 5:30,24.11,5.6,0
7/12/2018 5:45,24.112,5.59,0
7/12/2018 6:00,24.11,5.6,0
7/12/2018 6:15,24.108,5.59,0
7/12/2018 6:30,24.105,5.59,0
7/12/2018 6:45,24.101,5.6,0
7/12/2018 7:00,24.094,5.59,0
7/12/2018 7:15,24.087,5.59,0
7/12/2018 7:30,24.073,5.6,0
7/12/2018 7:45,24.059,5.6,0
7/12/2018 8:00,24.05,5.59,0
7/12/2018 8:15,24.042,5.59,0
7/12/2018 8:30,24.036,5.55,0
7/12/2018 8:45,24.03,5.54,0
7/12/2018 9:00,24.027,5.55,0
7/12/2018 9:15,24.028,5.57,0
7/12/2018 9:30,24.027,5.58,0
7/12/2018 9:45,24.026,5.57,0
7/12/2018 10:00,24.026,5.57,0
7/12/2018 10:15,24.022,5.58,0
7/12/2018 10:30,24.019,5.57,0
7/12/2018 10:45,24.015,5.58,0
7/12/2018 11:00,24.021,5.58,0
7/12/2018 11:15,24.032,5.58,0
7/12/2018 11:30,24.05,5.58,0
7/12/2018 11:45,24.076,5.57,0
7/12/2018 12:00,24.096,5.57,0
7/12/2018 12:15,24.118,5.58,0
7/12/2018 12:30,24.144,5.58,0
7/12/2018 12:45,24.176,5.57,0
7/12/2018 13:00,24.212,5.57,0
7/12/2018 13:15,24.255,5.57,0
7/12/2018 13:30,24.304,5.56,0
7/12/2018 13:45,24.364,5.53,0
7/12/2018 14:00,24.412,5.55,0
7/12/2018 14:15,24.457,5.54,0
7/12/2018 14:30,24.491,5.56,0
7/12/2018 14:45,24.527,5.58,0
7/12/2018 15:00,24.554,5.57,0
7/12/2018 15:15,24.594,5.57,0
7/12/2018 15:30,24.638,5.56,0
7/12/2018 15:45,24.669,5.56,0
7/12/2018 16:00,24.712,5.56,0
7/12/2018 16:15,24.777,5.57,0
7/12/2018 16:30,24.792,5.57,0
7/12/2018 16:45,24.792,5.56,0
7/12/2018 17:00,24.827,5.56,0
7/12/2018 17:15,24.912,5.57,0
7/12/2018 17:30,24.914,5.58,0
7/12/2018 17:45,24.934,5.57,0
7/12/2018 18:00,24.956,5.56,0
7/12/2018 18:15,24.963,5.57,0
7/12/2018 18:30,24.965,5.56,0
7/12/2018 18:45,24.974,5.57,0
7/12/2018 19:00,24.981,5.57,0
7/12/2018 19:15,24.972,5.57,0
7/12/2018 19:30,24.948,5.57,0
7/12/2018 19:45,24.929,5.56,0
7/12/2018 20:00,24.911,5.55,0
7/12/2018 20:15,24.893,5.54,0
7/12/2018 20:30,24.874,5.53,0
7/12/2018 20:45,24.854,5.56,0
7/12/2018 21:00,24.833,5.56,0
7/12/2018 21:15,24.809,5.55,0
7/12/2018 21:30,24.787,5.55,0
7/12/2018 21:45,24.767,5.54,0
7/12/2018 22:00,24.745,5.55,0
7/12/2018 22:15,24.725,5.56,0
7/12/2018 22:30,24.707,5.53,0
7/12/2018 22:45,24.69,5.55,0
7/12/2018 23:00,24.677,5.56,0
7/12/2018 23:15,24.662,5.55,0
7/12/2018 23:30,24.646,5.59,0.762
7/12/2018 23:45,24.632,5.56,0.254
7/13/2018 0:00,24.621,5.56,0
7/13/2018 0:15,24.613,5.54,0
7/13/2018 0:30,24.604,5.53,0
7/13/2018 0:45,24.595,5.55,0
7/13/2018 1:00,24.591,5.55,0
7/13/2018 1:15,24.587,5.55,0
7/13/2018 1:30,24.583,5.56,0.254
7/13/2018 1:45,24.581,5.52,0
7/13/2018 2:00,24.579,5.52,0
7/13/2018 2:15,24.576,5.51,2.286
7/13/2018 2:30,24.573,5.52,0.254
7/13/2018 2:45,24.57,5.53,2.286
7/13/2018 3:00,24.568,5.55,0
7/13/2018 3:15,24.562,5.55,0
7/13/2018 3:30,24.561,5.54,1.778
7/13/2018 3:45,24.561,5.52,2.54
7/13/2018 4:00,24.556,5.52,4.318
7/13/2018 4:15,24.552,5.51,2.54
7/13/2018 4:30,24.549,5.54,1.778
7/13/2018 4:45,24.546,5.53,2.032
7/13/2018 5:00,24.542,5.55,1.778
7/13/2018 5:15,24.54,5.54,0.762
7/13/2018 5:30,24.538,5.55,0.762
7/13/2018 5:45,24.535,5.56,3.556
7/13/2018 6:00,24.531,5.55,3.302
7/13/2018 6:15,24.529,5.55,1.016
7/13/2018 6:30,24.527,5.55,0
7/13/2018 6:45,24.526,5.52,0.508
7/13/2018 7:00,24.523,5.47,0.254
7/13/2018 7:15,24.515,5.48,0.508
7/13/2018 7:30,24.503,5.5,0
7/13/2018 7:45,24.482,5.76,2.032
7/13/2018 8:00,24.46,5.57,1.524
7/13/2018 8:15,24.44,5.49,0.762
7/13/2018 8:30,24.414,5.45,1.27
7/13/2018 8:45,24.396,5.42,1.524
7/13/2018 9:00,24.355,5.33,0.254
7/13/2018 9:15,24.343,5.35,1.524
7/13/2018 9:30,24.331,5.34,1.016
7/13/2018 9:45,24.28,5.31,0.508
7/13/2018 10:00,24.256,5.28,1.778
7/13/2018 10:15,24.241,5.3,1.27
7/13/2018 10:30,24.243,5.31,2.286
7/13/2018 10:45,24.246,5.28,2.286
7/13/2018 11:00,24.263,5.3,1.524
7/13/2018 11:15,24.287,5.33,2.794
7/13/2018 11:30,24.303,5.32,6.35
7/13/2018 11:45,24.31,5.34,7.112
7/13/2018 12:00,24.319,5.34,1.524
7/13/2018 12:15,24.334,5.33,4.064
7/13/2018 12:30,24.33,5.43,1.524
7/13/2018 12:45,25.143,NA,0.508
7/13/2018 13:00,25.539,NA,1.524
7/13/2018 13:15,25.04,NA,0
7/13/2018 13:30,NA,NA,6.604
7/13/2018 13:45,NA,NA,2.032
7/13/2018 14:00,NA,NA,0.254
7/13/2018 14:15,NA,NA,1.524
7/13/2018 14:30,24.429,NA,0
7/13/2018 14:45,24.433,NA,0.508
7/13/2018 15:00,24.436,7.33,0.254
7/13/2018 15:15,24.43,6.87,3.302
7/13/2018 15:30,24.42,6.56,2.54
7/13/2018 15:45,24.401,6.52,2.54
7/13/2018 16:00,24.389,6.21,0.254
7/13/2018 16:15,24.378,5.56,2.286
7/13/2018 16:30,24.377,5.79,0
7/13/2018 16:45,24.382,5.37,0
7/13/2018 17:00,24.409,5.34,0
7/13/2018 17:15,24.426,5.45,0
7/13/2018 17:30,24.46,5.46,0
7/13/2018 17:45,24.483,5.37,0
7/13/2018 18:00,24.496,5.52,0
7/13/2018 18:15,24.503,6.16,0
7/13/2018 18:30,24.506,6.35,0
7/13/2018 18:45,24.511,6.18,0
7/13/2018 19:00,24.501,5.39,0
7/13/2018 19:15,24.445,6.11,0
7/13/2018 19:30,24.382,5.67,1.524
7/13/2018 19:45,24.358,5.27,0
7/13/2018 20:00,24.365,5.56,0.254
7/13/2018 20:15,24.358,5.22,0
7/13/2018 20:30,24.353,5.11,0
7/13/2018 20:45,24.377,5.68,0
7/13/2018 21:00,24.392,5.78,0
7/13/2018 21:15,24.415,5.98,0
7/13/2018 21:30,24.422,6,0
7/13/2018 21:45,24.432,5.92,0
7/13/2018 22:00,24.435,5.81,0
7/13/2018 22:15,24.438,5.77,0
7/13/2018 22:30,24.441,5.82,0
7/13/2018 22:45,24.441,5.75,0
7/13/2018 23:00,24.441,5.71,0
7/13/2018 23:15,24.443,5.72,0.254
7/13/2018 23:30,24.442,5.77,2.286
7/13/2018 23:45,24.441,5.65,0.508
7/14/2018 0:00,24.439,5.69,0.762
7/14/2018 0:15,24.443,5.66,0.254
7/14/2018 0:30,24.447,5.83,0
7/14/2018 0:45,24.451,5.7,0
7/14/2018 1:00,24.452,5.82,6.35
7/14/2018 1:15,24.452,5.7,10.16
7/14/2018 1:30,24.45,5.79,11.68
7/14/2018 1:45,24.454,5.71,2.286
7/14/2018 2:00,24.449,5.82,2.54
7/14/2018 2:15,24.446,5.72,5.588
7/14/2018 2:30,24.443,5.59,1.778
7/14/2018 2:45,24.443,5.59,2.286
7/14/2018 3:00,24.442,5.61,0.508
7/14/2018 3:15,24.441,5.61,0.762
7/14/2018 3:30,24.439,5.64,0.762
7/14/2018 3:45,24.436,5.64,5.08
7/14/2018 4:00,24.393,5.78,1.524
7/14/2018 4:15,24.316,5.67,2.54
7/14/2018 4:30,24.244,5.71,4.318
7/14/2018 4:45,24.18,5.76,1.524
7/14/2018 5:00,24.027,5.75,3.556
7/14/2018 5:15,23.715,5.27,0.254
7/14/2018 5:30,23.363,5.32,0
7/14/2018 5:45,23.375,5.45,0.254
7/14/2018 6:00,23.515,7.23,0.508
7/14/2018 6:15,23.526,6.42,0.254
7/14/2018 6:30,23.516,6.14,0
7/14/2018 6:45,23.57,5.95,0
7/14/2018 7:00,23.66,5.8,0
7/14/2018 7:15,23.721,5.88,0.762
7/14/2018 7:30,23.764,5.89,7.874
7/14/2018 7:45,23.78,5.87,5.334
7/14/2018 8:00,23.767,5.85,0.254
7/14/2018 8:15,23.729,5.98,0.254
7/14/2018 8:30,23.686,5.86,0.762
7/14/2018 8:45,23.594,5.84,7.112
7/14/2018 9:00,23.576,5.55,6.858
7/14/2018 9:15,23.522,5.52,4.318
7/14/2018 9:30,23.573,5.56,5.08
7/14/2018 9:45,23.644,5.59,6.096
7/14/2018 10:00,23.715,5.52,2.032
7/14/2018 10:15,23.777,5.44,1.778
7/14/2018 10:30,23.829,5.43,0.762
7/14/2018 10:45,23.88,5.42,0.254
7/14/2018 11:00,23.923,5.41,0
7/14/2018 11:15,23.956,5.43,0.254
7/14/2018 11:30,23.936,5.42,0.254
7/14/2018 11:45,23.649,5.42,1.27
7/14/2018 12:00,23.56,5.11,0
7/14/2018 12:15,23.654,5.17,0
7/14/2018 12:30,23.78,5.09,0
7/14/2018 12:45,23.873,4.98,0
7/14/2018 13:00,23.831,5.01,0
7/14/2018 13:15,23.753,5.08,0
7/14/2018 13:30,23.716,5.13,0
7/14/2018 13:45,23.733,5.15,0
7/14/2018 14:00,23.647,5.02,0
7/14/2018 14:15,23.686,5.25,0
7/14/2018 14:30,23.804,5.38,0
7/14/2018 14:45,23.896,5.22,0
7/14/2018 15:00,23.964,5.25,0
7/14/2018 15:15,24.017,5.26,0
7/14/2018 15:30,24.056,5.25,0
7/14/2018 15:45,24.087,5.22,0.254
7/14/2018 16:00,24.115,5.27,0
7/14/2018 16:15,24.144,5.39,0.254
7/14/2018 16:30,24.179,5.36,0.508
7/14/2018 16:45,24.222,5.38,1.016
7/14/2018 17:00,24.243,5.4,0.254
7/14/2018 17:15,24.262,5.37,5.588
7/14/2018 17:30,24.296,5.37,1.524
7/14/2018 17:45,24.313,5.36,0
7/14/2018 18:00,24.325,5.38,0.508
7/14/2018 18:15,24.344,5.37,1.778
7/14/2018 18:30,24.358,5.36,8.64
7/14/2018 18:45,24.359,5.34,1.524
7/14/2018 19:00,24.365,5.39,1.016
7/14/2018 19:15,24.376,5.4,3.048
7/14/2018 19:30,24.392,5.42,5.588
7/14/2018 19:45,24.401,5.45,8.64
7/14/2018 20:00,24.402,5.41,3.556
7/14/2018 20:15,24.398,5.48,0
7/14/2018 20:30,24.398,5.45,2.032
7/14/2018 20:45,24.396,5.49,0
7/14/2018 21:00,24.393,5.47,2.54
7/14/2018 21:15,24.386,5.5,8.13
7/14/2018 21:30,24.35,5.42,14.48
7/14/2018 21:45,24.341,5.36,6.35
7/14/2018 22:00,24.344,5.39,0.254
7/14/2018 22:15,24.347,5.4,0.254
7/14/2018 22:30,24.332,5.38,0
7/14/2018 22:45,24.261,5.12,0
7/14/2018 23:00,24.221,5.16,0
7/14/2018 23:15,24.229,5.04,0
7/14/2018 23:30,24.192,5.02,0
7/14/2018 23:45,24.134,4.89,0
7/15/2018 0:00,24.081,5.14,0
7/15/2018 0:15,24.087,5.11,0
7/15/2018 0:30,24.134,5.29,0
7/15/2018 0:45,24.176,5.17,0
7/15/2018 1:00,24.2,4.98,0.508
7/15/2018 1:15,24.14,5.2,1.016
7/15/2018 1:30,23.916,5.03,1.524
7/15/2018 1:45,23.809,5.92,0.762
7/15/2018 2:00,23.816,6.18,1.016
7/15/2018 2:15,23.894,5.98,1.016
7/15/2018 2:30,23.962,6.02,1.27
7/15/2018 2:45,24.019,6.04,0.508
7/15/2018 3:00,24.068,5.77,0.254
7/15/2018 3:15,24.097,5.64,0.254
7/15/2018 3:30,24.11,5.69,0
7/15/2018 3:45,24.119,5.77,0
7/15/2018 4:00,24.126,5.57,0
7/15/2018 4:15,24.132,5.53,0
7/15/2018 4:30,24.136,5.58,0.254
7/15/2018 4:45,24.138,5.63,0
7/15/2018 5:00,24.14,5.72,0
7/15/2018 5:15,24.136,5.74,0
7/15/2018 5:30,24.117,5.71,0.254
7/15/2018 5:45,24.1,5.78,0
7/15/2018 6:00,24.089,5.73,0
7/15/2018 6:15,24.076,5.79,0
7/15/2018 6:30,24.064,5.82,0
7/15/2018 6:45,24.05,5.83,0
7/15/2018 7:00,24.052,5.76,0
7/15/2018 7:15,24.057,5.73,0
7/15/2018 7:30,24.064,5.76,0
7/15/2018 7:45,24.071,5.85,0
7/15/2018 8:00,24.078,6.39,0
7/15/2018 8:15,24.086,6.34,0
7/15/2018 8:30,24.091,6.23,0
7/15/2018 8:45,24.096,6.18,0
7/15/2018 9:00,24.099,5.81,0
7/15/2018 9:15,24.102,5.69,0
7/15/2018 9:30,24.107,5.68,0
7/15/2018 9:45,24.108,5.68,0
7/15/2018 10:00,24.112,5.65,0
7/15/2018 10:15,24.114,5.6,0
7/15/2018 10:30,24.117,5.58,0
7/15/2018 10:45,24.122,5.58,0
7/15/2018 11:00,24.127,5.66,0
7/15/2018 11:15,24.135,5.45,0
7/15/2018 11:30,24.146,5.57,0
7/15/2018 11:45,24.16,5.71,0
7/15/2018 12:00,24.178,5.72,0
7/15/2018 12:15,24.198,5.66,3.048
7/15/2018 12:30,24.218,5.83,5.842
7/15/2018 12:45,24.238,5.86,0
7/15/2018 13:00,24.262,5.92,0
7/15/2018 13:15,24.291,5.71,0
7/15/2018 13:30,24.316,5.75,2.794
7/15/2018 13:45,24.341,5.96,0
7/15/2018 14:00,24.375,5.96,0
7/15/2018 14:15,24.413,5.97,0
7/15/2018 14:30,24.445,5.98,0
7/15/2018 14:45,24.464,5.96,0
7/15/2018 15:00,24.483,5.97,0
7/15/2018 15:15,24.495,5.92,0
7/15/2018 15:30,24.528,5.95,0
7/15/2018 15:45,24.586,5.97,0
7/15/2018 16:00,24.65,6,0
7/15/2018 16:15,24.664,6.01,0
7/15/2018 16:30,24.66,5.82,0
7/15/2018 16:45,24.66,5.42,0
7/15/2018 17:00,24.696,5.36,0
7/15/2018 17:15,24.697,5.4,0
7/15/2018 17:30,24.733,5.37,0
7/15/2018 17:45,24.814,5.3,0
7/15/2018 18:00,24.759,5.12,0
7/15/2018 18:15,24.707,5.21,0
7/15/2018 18:30,24.665,5.16,0.254
7/15/2018 18:45,24.639,5.16,0
7/15/2018 19:00,24.622,5.16,0
7/15/2018 19:15,24.606,5.15,0
7/15/2018 19:30,24.591,5.17,0
7/15/2018 19:45,24.581,5.23,0
7/15/2018 20:00,24.574,5.23,0
7/15/2018 20:15,24.568,5.23,0.254
7/15/2018 20:30,24.57,5.25,0
7/15/2018 20:45,24.564,5.24,0
7/15/2018 21:00,24.558,5.25,0
7/15/2018 21:15,24.553,5.25,0
7/15/2018 21:30,24.549,5.25,0
7/15/2018 21:45,24.546,5.27,0
7/15/2018 22:00,24.546,5.27,0
7/15/2018 22:15,24.546,5.27,0
7/15/2018 22:30,24.546,5.27,0
7/15/2018 22:45,24.543,5.27,0
7/15/2018 23:00,24.538,5.29,0
7/15/2018 23:15,24.534,5.28,0
7/15/2018 23:30,24.532,5.26,0
7/15/2018 23:45,24.532,5.27,1.016
7/16/2018 0:00,24.531,5.29,0
7/16/2018 0:15,24.53,5.3,0
7/16/2018 0:30,24.528,5.29,0.254
7/16/2018 0:45,24.526,5.28,0.254
7/16/2018 1:00,24.521,5.28,0.508
7/16/2018 1:15,24.519,5.29,0
7/16/2018 1:30,24.519,5.28,1.778
7/16/2018 1:45,24.52,5.28,0
7/16/2018 2:00,24.517,5.27,2.794
7/16/2018 2:15,24.516,5.27,3.302
7/16/2018 2:30,24.515,5.29,2.286
7/16/2018 2:45,24.512,5.31,1.27
7/16/2018 3:00,24.511,5.31,0.762
7/16/2018 3:15,24.51,5.3,0
7/16/2018 3:30,24.51,5.3,2.032
7/16/2018 3:45,24.51,5.31,0.254
7/16/2018 4:00,24.511,5.31,3.81
7/16/2018 4:15,24.508,5.31,0.762
7/16/2018 4:30,24.509,5.32,2.286
7/16/2018 4:45,24.506,5.34,0
7/16/2018 5:00,24.501,5.34,0.254
7/16/2018 5:15,24.494,5.33,0
7/16/2018 5:30,24.486,5.33,0
7/16/2018 5:45,24.479,5.33,0.254
7/16/2018 6:00,24.472,5.32,0
7/16/2018 6:15,24.462,5.27,0
7/16/2018 6:30,24.448,5.27,0
7/16/2018 6:45,24.44,5.31,0
7/16/2018 7:00,24.434,5.27,0
7/16/2018 7:15,24.434,5.24,0
7/16/2018 7:30,24.428,5.25,0
7/16/2018 7:45,24.423,5.23,0
7/16/2018 8:00,24.413,5.21,0
7/16/2018 8:15,24.398,5.2,0
7/16/2018 8:30,24.38,5.24,0
7/16/2018 8:45,24.364,5.13,0
7/16/2018 9:00,24.356,5.09,1.016
7/16/2018 9:15,24.354,5.1,0
7/16/2018 9:30,24.36,5.12,0
7/16/2018 9:45,24.364,5.13,0
7/16/2018 10:00,24.363,5.13,0
7/16/2018 10:15,24.364,5.12,0
7/16/2018 10:30,24.362,5.13,0
7/16/2018 10:45,24.362,5.15,0
7/16/2018 11:00,24.366,5.14,0
7/16/2018 11:15,24.371,5.15,0
7/16/2018 11:30,24.378,5.16,0
7/16/2018 11:45,24.39,5.17,0.762
7/16/2018 12:00,24.397,5.19,1.524
7/16/2018 12:15,24.412,5.18,0.254
7/16/2018 12:30,24.427,5.18,12.95
7/16/2018 12:45,24.445,5.18,5.842
7/16/2018 13:00,24.456,5.18,1.27
7/16/2018 13:15,24.47,5.21,0.254
7/16/2018 13:30,24.494,5.81,0
7/16/2018 13:45,24.516,5.38,0
7/16/2018 14:00,24.548,5.27,0.254
7/16/2018 14:15,24.567,5.27,0
7/16/2018 14:30,24.592,5.28,0
7/16/2018 14:45,24.615,5.28,0.508
7/16/2018 15:00,24.617,5.28,0
7/16/2018 15:15,24.636,5.28,0
7/16/2018 15:30,24.682,5.3,0
7/16/2018 15:45,24.714,5.25,0
7/16/2018 16:00,24.694,5.24,0
7/16/2018 16:15,24.662,5.22,0.762
7/16/2018 16:30,24.57,5.18,0.508
7/16/2018 16:45,24.444,5.21,1.016
7/16/2018 17:00,24.373,5.17,1.524
7/16/2018 17:15,24.353,5.16,1.524
7/16/2018 17:30,24.36,5.15,1.016
7/16/2018 17:45,24.37,5.17,0.254
7/16/2018 18:00,24.382,5.2,0.254
7/16/2018 18:15,24.39,5.33,0
7/16/2018 18:30,24.393,5.29,0
7/16/2018 18:45,24.394,5.22,0
7/16/2018 19:00,24.392,5.24,0
7/16/2018 19:15,24.395,5.23,0
7/16/2018 19:30,24.401,5.28,0
7/16/2018 19:45,24.408,5.29,0
7/16/2018 20:00,24.414,5.34,0
7/16/2018 20:15,24.415,5.42,0
7/16/2018 20:30,24.414,5.42,0
7/16/2018 20:45,24.409,5.53,0
7/16/2018 21:00,24.4,5.44,0
7/16/2018 21:15,24.382,5.36,0
7/16/2018 21:30,24.365,5.34,0
7/16/2018 21:45,24.354,5.43,0
7/16/2018 22:00,24.349,5.31,0
7/16/2018 22:15,24.35,5.28,0
7/16/2018 22:30,24.348,5.24,0
7/16/2018 22:45,24.347,5.27,0
7/16/2018 23:00,24.346,5.24,0
7/16/2018 23:15,24.341,5.24,0
7/16/2018 23:30,24.338,5.35,0
7/16/2018 23:45,24.334,5.36,0
7/17/2018 0:00,24.332,5.39,0
7/17/2018 0:15,24.33,5.36,0
7/17/2018 0:30,24.327,5.33,0.254
7/17/2018 0:45,24.323,5.32,0.254
7/17/2018 1:00,24.315,5.34,0.254
7/17/2018 1:15,24.307,5.35,0
7/17/2018 1:30,24.3,5.35,0
7/17/2018 1:45,24.289,5.37,0
7/17/2018 2:00,24.278,5.36,0
7/17/2018 2:15,24.267,5.4,0.254
7/17/2018 2:30,24.253,5.38,0
7/17/2018 2:45,24.241,5.39,0
7/17/2018 3:00,24.231,5.38,0
7/17/2018 3:15,24.223,5.39,0.254
7/17/2018 3:30,24.213,5.4,0
7/17/2018 3:45,24.205,5.37,0
7/17/2018 4:00,24.201,5.37,0
7/17/2018 4:15,24.202,5.37,0
7/17/2018 4:30,24.202,5.35,0
7/17/2018 4:45,24.196,5.36,0
7/17/2018 5:00,24.189,5.33,0
7/17/2018 5:15,24.186,5.34,0
7/17/2018 5:30,24.192,5.33,0
7/17/2018 5:45,24.194,5.32,0
7/17/2018 6:00,24.193,5.31,0
7/17/2018 6:15,24.19,5.32,0
7/17/2018 6:30,24.183,5.32,0
7/17/2018 6:45,24.174,5.32,0
7/17/2018 7:00,24.167,5.32,0
7/17/2018 7:15,24.163,5.3,0
7/17/2018 7:30,24.161,5.35,0
7/17/2018 7:45,24.16,5.34,0
7/17/2018 8:00,24.159,5.34,1.27
7/17/2018 8:15,24.158,5.32,1.27
7/17/2018 8:30,24.158,5.27,0
7/17/2018 8:45,24.158,5.32,0.254
7/17/2018 9:00,24.158,5.34,0
7/17/2018 9:15,24.157,5.33,0
7/17/2018 9:30,24.155,5.34,0
7/17/2018 9:45,24.154,5.35,0.254
7/17/2018 10:00,24.155,5.34,0
7/17/2018 10:15,24.16,5.32,0
7/17/2018 10:30,24.168,5.31,0
7/17/2018 10:45,24.181,5.3,0
7/17/2018 11:00,24.196,5.31,0
7/17/2018 11:15,24.214,5.33,0
7/17/2018 11:30,24.228,5.32,0
7/17/2018 11:45,24.238,5.32,0
7/17/2018 12:00,24.241,5.32,0
7/17/2018 12:15,24.234,5.33,0
7/17/2018 12:30,24.225,5.32,0
7/17/2018 12:45,24.227,5.33,0
7/17/2018 13:00,24.246,5.33,0
7/17/2018 13:15,24.274,5.34,0
7/17/2018 13:30,24.304,5.36,0
7/17/2018 13:45,24.321,5.36,0
7/17/2018 14:00,24.332,5.33,0
7/17/2018 14:15,24.335,5.33,0
7/17/2018 14:30,24.335,5.34,10.16
7/17/2018 14:45,24.347,5.34,10.92
7/17/2018 15:00,24.361,5.35,12.95
7/17/2018 15:15,24.389,5.36,1.016
7/17/2018 15:30,24.418,5.35,0
7/17/2018 15:45,24.449,5.36,0.254
7/17/2018 16:00,24.493,5.35,0
7/17/2018 16:15,24.558,5.35,0
7/17/2018 16:30,24.623,5.35,0
7/17/2018 16:45,24.7,5.35,0
7/17/2018 17:00,24.739,5.36,0
7/17/2018 17:15,24.782,5.36,0
7/17/2018 17:30,24.796,5.37,0
7/17/2018 17:45,24.776,5.36,0
7/17/2018 18:00,24.771,5.37,0
7/17/2018 18:15,24.75,5.36,0.254
7/17/2018 18:30,24.725,6.5,0
7/17/2018 18:45,24.663,NA,0
7/17/2018 19:00,24.557,7.8,0
7/17/2018 19:15,24.468,7.35,0
7/17/2018 19:30,24.467,6.93,0
7/17/2018 19:45,24.492,6.82,0
7/17/2018 20:00,24.513,6.69,0
7/17/2018 20:15,24.525,6.63,0
7/17/2018 20:30,24.533,6.46,0
7/17/2018 20:45,24.543,6.36,0.508
7/17/2018 21:00,24.545,6.27,0.762
7/17/2018 21:15,24.542,6.18,0.508
7/17/2018 21:30,24.537,6.11,0
7/17/2018 21:45,24.534,6.01,0
7/17/2018 22:00,24.53,5.92,0
7/17/2018 22:15,24.526,5.8,0
7/17/2018 22:30,24.522,5.72,0.254
7/17/2018 22:45,24.519,5.68,1.524
7/17/2018 23:00,24.515,5.66,0.254
7/17/2018 23:15,24.507,5.64,0
7/17/2018 23:30,24.502,5.63,1.016
7/17/2018 23:45,24.495,5.65,0.254
7/18/2018 0:00,24.488,5.62,0
7/18/2018 0:15,24.479,5.61,0
7/18/2018 0:30,24.47,5.59,0.254
7/18/2018 0:45,24.46,5.61,0.254
7/18/2018 1:00,24.453,5.57,0.254
7/18/2018 1:15,24.447,5.58,0
7/18/2018 1:30,24.443,5.58,0
7/18/2018 1:45,24.439,5.56,0.254
7/18/2018 2:00,24.435,5.56,0.762
7/18/2018 2:15,24.432,5.55,0.508
7/18/2018 2:30,24.428,5.56,0
7/18/2018 2:45,24.423,5.59,0.254
7/18/2018 3:00,24.416,5.6,0
7/18/2018 3:15,24.413,5.54,0
7/18/2018 3:30,24.412,5.53,0.254
7/18/2018 3:45,24.411,5.52,0.254
7/18/2018 4:00,24.411,5.5,0.254
7/18/2018 4:15,24.41,5.51,0
7/18/2018 4:30,24.41,5.51,0
7/18/2018 4:45,24.41,5.52,0
7/18/2018 5:00,24.409,5.53,0
7/18/2018 5:15,24.406,5.51,0.254
7/18/2018 5:30,24.403,5.57,0
7/18/2018 5:45,24.401,5.53,0
7/18/2018 6:00,24.398,5.51,0
7/18/2018 6:15,24.394,5.53,0
7/18/2018 6:30,24.391,5.51,0
7/18/2018 6:45,24.39,5.53,0
7/18/2018 7:00,24.39,5.52,0.254
7/18/2018 7:15,24.388,5.55,0
7/18/2018 7:30,24.386,5.56,0
7/18/2018 7:45,24.383,5.57,0
7/18/2018 8:00,24.38,5.58,0
7/18/2018 8:15,24.379,5.57,0
7/18/2018 8:30,24.378,5.58,0
7/18/2018 8:45,24.379,5.54,0
7/18/2018 9:00,24.38,5.53,0
7/18/2018 9:15,24.378,5.52,0
7/18/2018 9:30,24.373,5.51,0
7/18/2018 9:45,24.373,5.5,0
7/18/2018 10:00,24.372,5.5,0
7/18/2018 10:15,24.372,5.51,0.254
7/18/2018 10:30,24.375,5.5,0.254
7/18/2018 10:45,24.38,5.49,0.254
7/18/2018 11:00,24.386,5.49,0
7/18/2018 11:15,24.391,5.51,0.254
7/18/2018 11:30,24.4,5.51,0.254
7/18/2018 11:45,24.411,5.51,2.032
7/18/2018 12:00,24.421,5.54,0.762
7/18/2018 12:15,24.433,5.58,3.556
7/18/2018 12:30,24.45,5.53,0.254
7/18/2018 12:45,24.463,5.63,1.27
7/18/2018 13:00,24.479,5.55,1.524
7/18/2018 13:15,24.499,5.51,1.016
7/18/2018 13:30,24.51,5.55,3.302
7/18/2018 13:45,24.524,5.52,10.41
7/18/2018 14:00,24.526,5.5,5.334
7/18/2018 14:15,24.528,5.51,1.778
7/18/2018 14:30,24.535,5.5,2.794
7/18/2018 14:45,24.548,5.49,0.254
7/18/2018 15:00,24.558,5.5,1.778
7/18/2018 15:15,24.562,5.46,12.45
7/18/2018 15:30,24.561,5.46,7.874
7/18/2018 15:45,24.557,5.46,5.588
7/18/2018 16:00,24.561,5.5,5.588
7/18/2018 16:15,24.581,5.6,11.18
7/18/2018 16:30,24.605,5.72,4.572
7/18/2018 16:45,24.617,5.64,8.89
7/18/2018 17:00,24.604,5.49,13.46
7/18/2018 17:15,24.574,5.45,0.508
7/18/2018 17:30,24.532,5.47,0.254
7/18/2018 17:45,24.487,5.42,0
7/18/2018 18:00,24.44,5.38,1.27
7/18/2018 18:15,24.407,5.37,1.524
7/18/2018 18:30,24.401,5.35,7.874
7/18/2018 18:45,24.405,5.34,7.874
7/18/2018 19:00,24.413,5.35,0.508
7/18/2018 19:15,24.405,5.37,6.096
7/18/2018 19:30,24.204,5.16,8.89
7/18/2018 19:45,24.173,5.17,2.032
7/18/2018 20:00,24.168,5.22,2.032
7/18/2018 20:15,24.164,5.39,0.254
7/18/2018 20:30,24.044,5.23,1.27
7/18/2018 20:45,23.965,4.94,0.254
7/18/2018 21:00,23.854,4.97,0
7/18/2018 21:15,23.888,4.85,0
7/18/2018 21:30,23.988,5.01,0
7/18/2018 21:45,24.079,5,0
7/18/2018 22:00,24.142,5.2,0
7/18/2018 22:15,24.158,5.22,0
7/18/2018 22:30,24.018,5.09,0
7/18/2018 22:45,23.717,4.95,0
7/18/2018 23:00,23.68,4.88,0
7/18/2018 23:15,23.755,4.87,0
7/18/2018 23:30,23.533,5.01,0
7/18/2018 23:45,23.513,4.99,0
7/19/2018 0:00,23.651,5.01,0
7/19/2018 0:15,23.753,5.01,0
7/19/2018 0:30,23.829,4.98,0
7/19/2018 0:45,23.885,4.97,0
7/19/2018 1:00,23.927,5.27,0
7/19/2018 1:15,23.955,5.2,0
7/19/2018 1:30,23.975,5.19,0
7/19/2018 1:45,23.992,5.2,0
7/19/2018 2:00,24.006,5.3,0
7/19/2018 2:15,24.017,5.22,0
7/19/2018 2:30,24.026,5.13,0
7/19/2018 2:45,24.032,5.13,0
7/19/2018 3:00,24.036,5.17,0
7/19/2018 3:15,24.039,5.11,0
7/19/2018 3:30,24.039,5.08,0.254
7/19/2018 3:45,24.04,5.05,0
7/19/2018 4:00,24.042,5.1,0
7/19/2018 4:15,24.047,5.02,0
7/19/2018 4:30,24.051,5.03,0
7/19/2018 4:45,24.054,5.03,0
7/19/2018 5:00,24.056,5.05,0
7/19/2018 5:15,24.059,5.01,0
7/19/2018 5:30,24.062,5.01,0
7/19/2018 5:45,24.068,5.02,0
7/19/2018 6:00,24.071,5.01,0
7/19/2018 6:15,24.073,5.01,0
7/19/2018 6:30,24.071,5.01,0
7/19/2018 6:45,24.071,5.03,0
7/19/2018 7:00,24.07,5.03,5.08
7/19/2018 7:15,24.069,5.05,0.254
7/19/2018 7:30,24.069,5.06,0
7/19/2018 7:45,24.073,5.05,0
7/19/2018 8:00,24.078,5.04,0
7/19/2018 8:15,24.085,5.06,0.508
7/19/2018 8:30,24.092,5.08,0
7/19/2018 8:45,24.098,5.17,0
7/19/2018 9:00,24.106,5.28,0
7/19/2018 9:15,24.112,5.28,0
7/19/2018 9:30,24.118,5.3,0
7/19/2018 9:45,24.124,5.31,0
7/19/2018 10:00,24.134,5.16,0
7/19/2018 10:15,24.147,5.1,0
7/19/2018 10:30,24.163,5.12,0
7/19/2018 10:45,24.181,5.1,0
7/19/2018 11:00,24.192,5.12,0
7/19/2018 11:15,24.19,5.2,0
7/19/2018 11:30,24.21,5.19,0
7/19/2018 11:45,24.23,5.17,3.302
7/19/2018 12:00,24.25,5.15,0.254
7/19/2018 12:15,24.266,5.14,0
7/19/2018 12:30,24.287,5.12,0
7/19/2018 12:45,24.306,5.14,0
7/19/2018 13:00,24.324,5.12,0
7/19/2018 13:15,24.347,5.11,0
